Code,Destination,Connect Cost,Included Seconds,Per Minute Cost,Initial Increment,Increment,Precedence,Strip,Prepend
55116,Movel,0,4,0.185,30,6,,,
Code,Destination,Connect Cost,Included Seconds,Per Minute Cost,Initial Increment,Increment,Precedence,Strip,Prepend
55117,Movel,0,4,0.185,30,6,,,
Code,Destination,Connect Cost,Included Seconds,Per Minute Cost,Initial Increment,Increment,Precedence,Strip,Prepend
55118,Movel,0,4,0.185,30,6,,,
Code,Destination,Connect Cost,Included Seconds,Per Minute Cost,Initial Increment,Increment,Precedence,Strip,Prepend
55119,Movel,0,4,0.185,30,6,,,
Code,Destination,Connect Cost,Included Seconds,Per Minute Cost,Initial Increment,Increment,Precedence,Strip,Prepend
55126,Movel,0,4,0.185,30,6,,,
Code,Destination,Connect Cost,Included Seconds,Per Minute Cost,Initial Increment,Increment,Precedence,Strip,Prepend
55127,Movel,0,4,0.185,30,6,,,
Code,Destination,Connect Cost,Included Seconds,Per Minute Cost,Initial Increment,Increment,Precedence,Strip,Prepend
55128,Movel,0,4,0.185,30,6,,,
Code,Destination,Connect Cost,Included Seconds,Per Minute Cost,Initial Increment,Increment,Precedence,Strip,Prepend
55129,Movel,0,4,0.185,30,6,,,
Code,Destination,Connect Cost,Included Seconds,Per Minute Cost,Initial Increment,Increment,Precedence,Strip,Prepend
55136,Movel,0,4,0.185,30,6,,,
Code,Destination,Connect Cost,Included Seconds,Per Minute Cost,Initial Increment,Increment,Precedence,Strip,Prepend
55137,Movel,0,4,0.185,30,6,,,
Code,Destination,Connect Cost,Included Seconds,Per Minute Cost,Initial Increment,Increment,Precedence,Strip,Prepend
55138,Movel,0,4,0.185,30,6,,,
Code,Destination,Connect Cost,Included Seconds,Per Minute Cost,Initial Increment,Increment,Precedence,Strip,Prepend
55139,Movel,0,4,0.185,30,6,,,
Code,Destination,Connect Cost,Included Seconds,Per Minute Cost,Initial Increment,Increment,Precedence,Strip,Prepend
55146,Movel,0,4,0.185,30,6,,,
Code,Destination,Connect Cost,Included Seconds,Per Minute Cost,Initial Increment,Increment,Precedence,Strip,Prepend
55147,Movel,0,4,0.185,30,6,,,
Code,Destination,Connect Cost,Included Seconds,Per Minute Cost,Initial Increment,Increment,Precedence,Strip,Prepend
55148,Movel,0,4,0.185,30,6,,,
Code,Destination,Connect Cost,Included Seconds,Per Minute Cost,Initial Increment,Increment,Precedence,Strip,Prepend
55149,Movel,0,4,0.185,30,6,,,
Code,Destination,Connect Cost,Included Seconds,Per Minute Cost,Initial Increment,Increment,Precedence,Strip,Prepend
55156,Movel,0,4,0.185,30,6,,,
Code,Destination,Connect Cost,Included Seconds,Per Minute Cost,Initial Increment,Increment,Precedence,Strip,Prepend
55157,Movel,0,4,0.185,30,6,,,
Code,Destination,Connect Cost,Included Seconds,Per Minute Cost,Initial Increment,Increment,Precedence,Strip,Prepend
55158,Movel,0,4,0.185,30,6,,,
Code,Destination,Connect Cost,Included Seconds,Per Minute Cost,Initial Increment,Increment,Precedence,Strip,Prepend
55159,Movel,0,4,0.185,30,6,,,
Code,Destination,Connect Cost,Included Seconds,Per Minute Cost,Initial Increment,Increment,Precedence,Strip,Prepend
55166,Movel,0,4,0.185,30,6,,,
Code,Destination,Connect Cost,Included Seconds,Per Minute Cost,Initial Increment,Increment,Precedence,Strip,Prepend
55167,Movel,0,4,0.185,30,6,,,
Code,Destination,Connect Cost,Included Seconds,Per Minute Cost,Initial Increment,Increment,Precedence,Strip,Prepend
55168,Movel,0,4,0.185,30,6,,,
Code,Destination,Connect Cost,Included Seconds,Per Minute Cost,Initial Increment,Increment,Precedence,Strip,Prepend
55169,Movel,0,4,0.185,30,6,,,
Code,Destination,Connect Cost,Included Seconds,Per Minute Cost,Initial Increment,Increment,Precedence,Strip,Prepend
55176,Movel,0,4,0.185,30,6,,,
Code,Destination,Connect Cost,Included Seconds,Per Minute Cost,Initial Increment,Increment,Precedence,Strip,Prepend
55177,Movel,0,4,0.185,30,6,,,
Code,Destination,Connect Cost,Included Seconds,Per Minute Cost,Initial Increment,Increment,Precedence,Strip,Prepend
55178,Movel,0,4,0.185,30,6,,,
Code,Destination,Connect Cost,Included Seconds,Per Minute Cost,Initial Increment,Increment,Precedence,Strip,Prepend
55179,Movel,0,4,0.185,30,6,,,
Code,Destination,Connect Cost,Included Seconds,Per Minute Cost,Initial Increment,Increment,Precedence,Strip,Prepend
55186,Movel,0,4,0.185,30,6,,,
Code,Destination,Connect Cost,Included Seconds,Per Minute Cost,Initial Increment,Increment,Precedence,Strip,Prepend
55187,Movel,0,4,0.185,30,6,,,
Code,Destination,Connect Cost,Included Seconds,Per Minute Cost,Initial Increment,Increment,Precedence,Strip,Prepend
55188,Movel,0,4,0.185,30,6,,,
Code,Destination,Connect Cost,Included Seconds,Per Minute Cost,Initial Increment,Increment,Precedence,Strip,Prepend
55189,Movel,0,4,0.185,30,6,,,
Code,Destination,Connect Cost,Included Seconds,Per Minute Cost,Initial Increment,Increment,Precedence,Strip,Prepend
55196,Movel,0,4,0.185,30,6,,,
Code,Destination,Connect Cost,Included Seconds,Per Minute Cost,Initial Increment,Increment,Precedence,Strip,Prepend
55197,Movel,0,4,0.185,30,6,,,
Code,Destination,Connect Cost,Included Seconds,Per Minute Cost,Initial Increment,Increment,Precedence,Strip,Prepend
55198,Movel,0,4,0.185,30,6,,,
Code,Destination,Connect Cost,Included Seconds,Per Minute Cost,Initial Increment,Increment,Precedence,Strip,Prepend
55199,Movel,0,4,0.185,30,6,,,
Code,Destination,Connect Cost,Included Seconds,Per Minute Cost,Initial Increment,Increment,Precedence,Strip,Prepend
55206,Movel,0,4,0.185,30,6,,,
Code,Destination,Connect Cost,Included Seconds,Per Minute Cost,Initial Increment,Increment,Precedence,Strip,Prepend
55207,Movel,0,4,0.185,30,6,,,
Code,Destination,Connect Cost,Included Seconds,Per Minute Cost,Initial Increment,Increment,Precedence,Strip,Prepend
55208,Movel,0,4,0.185,30,6,,,
Code,Destination,Connect Cost,Included Seconds,Per Minute Cost,Initial Increment,Increment,Precedence,Strip,Prepend
55209,Movel,0,4,0.185,30,6,,,
Code,Destination,Connect Cost,Included Seconds,Per Minute Cost,Initial Increment,Increment,Precedence,Strip,Prepend
55216,Movel,0,4,0.185,30,6,,,
Code,Destination,Connect Cost,Included Seconds,Per Minute Cost,Initial Increment,Increment,Precedence,Strip,Prepend
55217,Movel,0,4,0.185,30,6,,,
Code,Destination,Connect Cost,Included Seconds,Per Minute Cost,Initial Increment,Increment,Precedence,Strip,Prepend
55218,Movel,0,4,0.185,30,6,,,
Code,Destination,Connect Cost,Included Seconds,Per Minute Cost,Initial Increment,Increment,Precedence,Strip,Prepend
55219,Movel,0,4,0.185,30,6,,,
Code,Destination,Connect Cost,Included Seconds,Per Minute Cost,Initial Increment,Increment,Precedence,Strip,Prepend
55226,Movel,0,4,0.185,30,6,,,
Code,Destination,Connect Cost,Included Seconds,Per Minute Cost,Initial Increment,Increment,Precedence,Strip,Prepend
55227,Movel,0,4,0.185,30,6,,,
Code,Destination,Connect Cost,Included Seconds,Per Minute Cost,Initial Increment,Increment,Precedence,Strip,Prepend
55228,Movel,0,4,0.185,30,6,,,
Code,Destination,Connect Cost,Included Seconds,Per Minute Cost,Initial Increment,Increment,Precedence,Strip,Prepend
55229,Movel,0,4,0.185,30,6,,,
Code,Destination,Connect Cost,Included Seconds,Per Minute Cost,Initial Increment,Increment,Precedence,Strip,Prepend
55236,Movel,0,4,0.185,30,6,,,
Code,Destination,Connect Cost,Included Seconds,Per Minute Cost,Initial Increment,Increment,Precedence,Strip,Prepend
55237,Movel,0,4,0.185,30,6,,,
Code,Destination,Connect Cost,Included Seconds,Per Minute Cost,Initial Increment,Increment,Precedence,Strip,Prepend
55238,Movel,0,4,0.185,30,6,,,
Code,Destination,Connect Cost,Included Seconds,Per Minute Cost,Initial Increment,Increment,Precedence,Strip,Prepend
55239,Movel,0,4,0.185,30,6,,,
Code,Destination,Connect Cost,Included Seconds,Per Minute Cost,Initial Increment,Increment,Precedence,Strip,Prepend
55246,Movel,0,4,0.185,30,6,,,
Code,Destination,Connect Cost,Included Seconds,Per Minute Cost,Initial Increment,Increment,Precedence,Strip,Prepend
55247,Movel,0,4,0.185,30,6,,,
Code,Destination,Connect Cost,Included Seconds,Per Minute Cost,Initial Increment,Increment,Precedence,Strip,Prepend
55248,Movel,0,4,0.185,30,6,,,
Code,Destination,Connect Cost,Included Seconds,Per Minute Cost,Initial Increment,Increment,Precedence,Strip,Prepend
55249,Movel,0,4,0.185,30,6,,,
Code,Destination,Connect Cost,Included Seconds,Per Minute Cost,Initial Increment,Increment,Precedence,Strip,Prepend
55256,Movel,0,4,0.185,30,6,,,
Code,Destination,Connect Cost,Included Seconds,Per Minute Cost,Initial Increment,Increment,Precedence,Strip,Prepend
55257,Movel,0,4,0.185,30,6,,,
Code,Destination,Connect Cost,Included Seconds,Per Minute Cost,Initial Increment,Increment,Precedence,Strip,Prepend
55258,Movel,0,4,0.185,30,6,,,
Code,Destination,Connect Cost,Included Seconds,Per Minute Cost,Initial Increment,Increment,Precedence,Strip,Prepend
55259,Movel,0,4,0.185,30,6,,,
Code,Destination,Connect Cost,Included Seconds,Per Minute Cost,Initial Increment,Increment,Precedence,Strip,Prepend
55266,Movel,0,4,0.185,30,6,,,
Code,Destination,Connect Cost,Included Seconds,Per Minute Cost,Initial Increment,Increment,Precedence,Strip,Prepend
55267,Movel,0,4,0.185,30,6,,,
Code,Destination,Connect Cost,Included Seconds,Per Minute Cost,Initial Increment,Increment,Precedence,Strip,Prepend
55268,Movel,0,4,0.185,30,6,,,
Code,Destination,Connect Cost,Included Seconds,Per Minute Cost,Initial Increment,Increment,Precedence,Strip,Prepend
55269,Movel,0,4,0.185,30,6,,,
Code,Destination,Connect Cost,Included Seconds,Per Minute Cost,Initial Increment,Increment,Precedence,Strip,Prepend
55276,Movel,0,4,0.185,30,6,,,
Code,Destination,Connect Cost,Included Seconds,Per Minute Cost,Initial Increment,Increment,Precedence,Strip,Prepend
55277,Movel,0,4,0.185,30,6,,,
Code,Destination,Connect Cost,Included Seconds,Per Minute Cost,Initial Increment,Increment,Precedence,Strip,Prepend
55278,Movel,0,4,0.185,30,6,,,
Code,Destination,Connect Cost,Included Seconds,Per Minute Cost,Initial Increment,Increment,Precedence,Strip,Prepend
55279,Movel,0,4,0.185,30,6,,,
Code,Destination,Connect Cost,Included Seconds,Per Minute Cost,Initial Increment,Increment,Precedence,Strip,Prepend
55286,Movel,0,4,0.185,30,6,,,
Code,Destination,Connect Cost,Included Seconds,Per Minute Cost,Initial Increment,Increment,Precedence,Strip,Prepend
55287,Movel,0,4,0.185,30,6,,,
Code,Destination,Connect Cost,Included Seconds,Per Minute Cost,Initial Increment,Increment,Precedence,Strip,Prepend
55288,Movel,0,4,0.185,30,6,,,
Code,Destination,Connect Cost,Included Seconds,Per Minute Cost,Initial Increment,Increment,Precedence,Strip,Prepend
55289,Movel,0,4,0.185,30,6,,,
Code,Destination,Connect Cost,Included Seconds,Per Minute Cost,Initial Increment,Increment,Precedence,Strip,Prepend
55296,Movel,0,4,0.185,30,6,,,
Code,Destination,Connect Cost,Included Seconds,Per Minute Cost,Initial Increment,Increment,Precedence,Strip,Prepend
55297,Movel,0,4,0.185,30,6,,,
Code,Destination,Connect Cost,Included Seconds,Per Minute Cost,Initial Increment,Increment,Precedence,Strip,Prepend
55298,Movel,0,4,0.185,30,6,,,
Code,Destination,Connect Cost,Included Seconds,Per Minute Cost,Initial Increment,Increment,Precedence,Strip,Prepend
55299,Movel,0,4,0.185,30,6,,,
Code,Destination,Connect Cost,Included Seconds,Per Minute Cost,Initial Increment,Increment,Precedence,Strip,Prepend
55306,Movel,0,4,0.185,30,6,,,
Code,Destination,Connect Cost,Included Seconds,Per Minute Cost,Initial Increment,Increment,Precedence,Strip,Prepend
55307,Movel,0,4,0.185,30,6,,,
Code,Destination,Connect Cost,Included Seconds,Per Minute Cost,Initial Increment,Increment,Precedence,Strip,Prepend
55308,Movel,0,4,0.185,30,6,,,
Code,Destination,Connect Cost,Included Seconds,Per Minute Cost,Initial Increment,Increment,Precedence,Strip,Prepend
55309,Movel,0,4,0.185,30,6,,,
Code,Destination,Connect Cost,Included Seconds,Per Minute Cost,Initial Increment,Increment,Precedence,Strip,Prepend
55316,Movel,0,4,0.185,30,6,,,
Code,Destination,Connect Cost,Included Seconds,Per Minute Cost,Initial Increment,Increment,Precedence,Strip,Prepend
55317,Movel,0,4,0.185,30,6,,,
Code,Destination,Connect Cost,Included Seconds,Per Minute Cost,Initial Increment,Increment,Precedence,Strip,Prepend
55318,Movel,0,4,0.185,30,6,,,
Code,Destination,Connect Cost,Included Seconds,Per Minute Cost,Initial Increment,Increment,Precedence,Strip,Prepend
55319,Movel,0,4,0.185,30,6,,,
Code,Destination,Connect Cost,Included Seconds,Per Minute Cost,Initial Increment,Increment,Precedence,Strip,Prepend
55326,Movel,0,4,0.185,30,6,,,
Code,Destination,Connect Cost,Included Seconds,Per Minute Cost,Initial Increment,Increment,Precedence,Strip,Prepend
55327,Movel,0,4,0.185,30,6,,,
Code,Destination,Connect Cost,Included Seconds,Per Minute Cost,Initial Increment,Increment,Precedence,Strip,Prepend
55328,Movel,0,4,0.185,30,6,,,
Code,Destination,Connect Cost,Included Seconds,Per Minute Cost,Initial Increment,Increment,Precedence,Strip,Prepend
55329,Movel,0,4,0.185,30,6,,,
Code,Destination,Connect Cost,Included Seconds,Per Minute Cost,Initial Increment,Increment,Precedence,Strip,Prepend
55336,Movel,0,4,0.185,30,6,,,
Code,Destination,Connect Cost,Included Seconds,Per Minute Cost,Initial Increment,Increment,Precedence,Strip,Prepend
55337,Movel,0,4,0.185,30,6,,,
Code,Destination,Connect Cost,Included Seconds,Per Minute Cost,Initial Increment,Increment,Precedence,Strip,Prepend
55338,Movel,0,4,0.185,30,6,,,
Code,Destination,Connect Cost,Included Seconds,Per Minute Cost,Initial Increment,Increment,Precedence,Strip,Prepend
55339,Movel,0,4,0.185,30,6,,,
Code,Destination,Connect Cost,Included Seconds,Per Minute Cost,Initial Increment,Increment,Precedence,Strip,Prepend
55346,Movel,0,4,0.185,30,6,,,
Code,Destination,Connect Cost,Included Seconds,Per Minute Cost,Initial Increment,Increment,Precedence,Strip,Prepend
55347,Movel,0,4,0.185,30,6,,,
Code,Destination,Connect Cost,Included Seconds,Per Minute Cost,Initial Increment,Increment,Precedence,Strip,Prepend
55348,Movel,0,4,0.185,30,6,,,
Code,Destination,Connect Cost,Included Seconds,Per Minute Cost,Initial Increment,Increment,Precedence,Strip,Prepend
55349,Movel,0,4,0.185,30,6,,,
Code,Destination,Connect Cost,Included Seconds,Per Minute Cost,Initial Increment,Increment,Precedence,Strip,Prepend
55356,Movel,0,4,0.185,30,6,,,
Code,Destination,Connect Cost,Included Seconds,Per Minute Cost,Initial Increment,Increment,Precedence,Strip,Prepend
55357,Movel,0,4,0.185,30,6,,,
Code,Destination,Connect Cost,Included Seconds,Per Minute Cost,Initial Increment,Increment,Precedence,Strip,Prepend
55358,Movel,0,4,0.185,30,6,,,
Code,Destination,Connect Cost,Included Seconds,Per Minute Cost,Initial Increment,Increment,Precedence,Strip,Prepend
55359,Movel,0,4,0.185,30,6,,,
Code,Destination,Connect Cost,Included Seconds,Per Minute Cost,Initial Increment,Increment,Precedence,Strip,Prepend
55366,Movel,0,4,0.185,30,6,,,
Code,Destination,Connect Cost,Included Seconds,Per Minute Cost,Initial Increment,Increment,Precedence,Strip,Prepend
55367,Movel,0,4,0.185,30,6,,,
Code,Destination,Connect Cost,Included Seconds,Per Minute Cost,Initial Increment,Increment,Precedence,Strip,Prepend
55368,Movel,0,4,0.185,30,6,,,
Code,Destination,Connect Cost,Included Seconds,Per Minute Cost,Initial Increment,Increment,Precedence,Strip,Prepend
55369,Movel,0,4,0.185,30,6,,,
Code,Destination,Connect Cost,Included Seconds,Per Minute Cost,Initial Increment,Increment,Precedence,Strip,Prepend
55376,Movel,0,4,0.185,30,6,,,
Code,Destination,Connect Cost,Included Seconds,Per Minute Cost,Initial Increment,Increment,Precedence,Strip,Prepend
55377,Movel,0,4,0.185,30,6,,,
Code,Destination,Connect Cost,Included Seconds,Per Minute Cost,Initial Increment,Increment,Precedence,Strip,Prepend
55378,Movel,0,4,0.185,30,6,,,
Code,Destination,Connect Cost,Included Seconds,Per Minute Cost,Initial Increment,Increment,Precedence,Strip,Prepend
55379,Movel,0,4,0.185,30,6,,,
Code,Destination,Connect Cost,Included Seconds,Per Minute Cost,Initial Increment,Increment,Precedence,Strip,Prepend
55386,Movel,0,4,0.185,30,6,,,
Code,Destination,Connect Cost,Included Seconds,Per Minute Cost,Initial Increment,Increment,Precedence,Strip,Prepend
55387,Movel,0,4,0.185,30,6,,,
Code,Destination,Connect Cost,Included Seconds,Per Minute Cost,Initial Increment,Increment,Precedence,Strip,Prepend
55388,Movel,0,4,0.185,30,6,,,
Code,Destination,Connect Cost,Included Seconds,Per Minute Cost,Initial Increment,Increment,Precedence,Strip,Prepend
55389,Movel,0,4,0.185,30,6,,,
Code,Destination,Connect Cost,Included Seconds,Per Minute Cost,Initial Increment,Increment,Precedence,Strip,Prepend
55396,Movel,0,4,0.185,30,6,,,
Code,Destination,Connect Cost,Included Seconds,Per Minute Cost,Initial Increment,Increment,Precedence,Strip,Prepend
55397,Movel,0,4,0.185,30,6,,,
Code,Destination,Connect Cost,Included Seconds,Per Minute Cost,Initial Increment,Increment,Precedence,Strip,Prepend
55398,Movel,0,4,0.185,30,6,,,
Code,Destination,Connect Cost,Included Seconds,Per Minute Cost,Initial Increment,Increment,Precedence,Strip,Prepend
55399,Movel,0,4,0.185,30,6,,,
Code,Destination,Connect Cost,Included Seconds,Per Minute Cost,Initial Increment,Increment,Precedence,Strip,Prepend
55406,Movel,0,4,0.185,30,6,,,
Code,Destination,Connect Cost,Included Seconds,Per Minute Cost,Initial Increment,Increment,Precedence,Strip,Prepend
55407,Movel,0,4,0.185,30,6,,,
Code,Destination,Connect Cost,Included Seconds,Per Minute Cost,Initial Increment,Increment,Precedence,Strip,Prepend
55408,Movel,0,4,0.185,30,6,,,
Code,Destination,Connect Cost,Included Seconds,Per Minute Cost,Initial Increment,Increment,Precedence,Strip,Prepend
55409,Movel,0,4,0.185,30,6,,,
Code,Destination,Connect Cost,Included Seconds,Per Minute Cost,Initial Increment,Increment,Precedence,Strip,Prepend
55416,Movel,0,4,0.185,30,6,,,
Code,Destination,Connect Cost,Included Seconds,Per Minute Cost,Initial Increment,Increment,Precedence,Strip,Prepend
55417,Movel,0,4,0.185,30,6,,,
Code,Destination,Connect Cost,Included Seconds,Per Minute Cost,Initial Increment,Increment,Precedence,Strip,Prepend
55418,Movel,0,4,0.185,30,6,,,
Code,Destination,Connect Cost,Included Seconds,Per Minute Cost,Initial Increment,Increment,Precedence,Strip,Prepend
55419,Movel,0,4,0.185,30,6,,,
Code,Destination,Connect Cost,Included Seconds,Per Minute Cost,Initial Increment,Increment,Precedence,Strip,Prepend
55426,Movel,0,4,0.185,30,6,,,
Code,Destination,Connect Cost,Included Seconds,Per Minute Cost,Initial Increment,Increment,Precedence,Strip,Prepend
55427,Movel,0,4,0.185,30,6,,,
Code,Destination,Connect Cost,Included Seconds,Per Minute Cost,Initial Increment,Increment,Precedence,Strip,Prepend
55428,Movel,0,4,0.185,30,6,,,
Code,Destination,Connect Cost,Included Seconds,Per Minute Cost,Initial Increment,Increment,Precedence,Strip,Prepend
55429,Movel,0,4,0.185,30,6,,,
Code,Destination,Connect Cost,Included Seconds,Per Minute Cost,Initial Increment,Increment,Precedence,Strip,Prepend
55436,Movel,0,4,0.185,30,6,,,
Code,Destination,Connect Cost,Included Seconds,Per Minute Cost,Initial Increment,Increment,Precedence,Strip,Prepend
55437,Movel,0,4,0.185,30,6,,,
Code,Destination,Connect Cost,Included Seconds,Per Minute Cost,Initial Increment,Increment,Precedence,Strip,Prepend
55438,Movel,0,4,0.185,30,6,,,
Code,Destination,Connect Cost,Included Seconds,Per Minute Cost,Initial Increment,Increment,Precedence,Strip,Prepend
55439,Movel,0,4,0.185,30,6,,,
Code,Destination,Connect Cost,Included Seconds,Per Minute Cost,Initial Increment,Increment,Precedence,Strip,Prepend
55446,Movel,0,4,0.185,30,6,,,
Code,Destination,Connect Cost,Included Seconds,Per Minute Cost,Initial Increment,Increment,Precedence,Strip,Prepend
55447,Movel,0,4,0.185,30,6,,,
Code,Destination,Connect Cost,Included Seconds,Per Minute Cost,Initial Increment,Increment,Precedence,Strip,Prepend
55448,Movel,0,4,0.185,30,6,,,
Code,Destination,Connect Cost,Included Seconds,Per Minute Cost,Initial Increment,Increment,Precedence,Strip,Prepend
55449,Movel,0,4,0.185,30,6,,,
Code,Destination,Connect Cost,Included Seconds,Per Minute Cost,Initial Increment,Increment,Precedence,Strip,Prepend
55456,Movel,0,4,0.185,30,6,,,
Code,Destination,Connect Cost,Included Seconds,Per Minute Cost,Initial Increment,Increment,Precedence,Strip,Prepend
55457,Movel,0,4,0.185,30,6,,,
Code,Destination,Connect Cost,Included Seconds,Per Minute Cost,Initial Increment,Increment,Precedence,Strip,Prepend
55458,Movel,0,4,0.185,30,6,,,
Code,Destination,Connect Cost,Included Seconds,Per Minute Cost,Initial Increment,Increment,Precedence,Strip,Prepend
55459,Movel,0,4,0.185,30,6,,,
Code,Destination,Connect Cost,Included Seconds,Per Minute Cost,Initial Increment,Increment,Precedence,Strip,Prepend
55466,Movel,0,4,0.185,30,6,,,
Code,Destination,Connect Cost,Included Seconds,Per Minute Cost,Initial Increment,Increment,Precedence,Strip,Prepend
55467,Movel,0,4,0.185,30,6,,,
Code,Destination,Connect Cost,Included Seconds,Per Minute Cost,Initial Increment,Increment,Precedence,Strip,Prepend
55468,Movel,0,4,0.185,30,6,,,
Code,Destination,Connect Cost,Included Seconds,Per Minute Cost,Initial Increment,Increment,Precedence,Strip,Prepend
55469,Movel,0,4,0.185,30,6,,,
Code,Destination,Connect Cost,Included Seconds,Per Minute Cost,Initial Increment,Increment,Precedence,Strip,Prepend
55476,Movel,0,4,0.185,30,6,,,
Code,Destination,Connect Cost,Included Seconds,Per Minute Cost,Initial Increment,Increment,Precedence,Strip,Prepend
55477,Movel,0,4,0.185,30,6,,,
Code,Destination,Connect Cost,Included Seconds,Per Minute Cost,Initial Increment,Increment,Precedence,Strip,Prepend
55478,Movel,0,4,0.185,30,6,,,
Code,Destination,Connect Cost,Included Seconds,Per Minute Cost,Initial Increment,Increment,Precedence,Strip,Prepend
55479,Movel,0,4,0.185,30,6,,,
Code,Destination,Connect Cost,Included Seconds,Per Minute Cost,Initial Increment,Increment,Precedence,Strip,Prepend
55486,Movel,0,4,0.185,30,6,,,
Code,Destination,Connect Cost,Included Seconds,Per Minute Cost,Initial Increment,Increment,Precedence,Strip,Prepend
55487,Movel,0,4,0.185,30,6,,,
Code,Destination,Connect Cost,Included Seconds,Per Minute Cost,Initial Increment,Increment,Precedence,Strip,Prepend
55488,Movel,0,4,0.185,30,6,,,
Code,Destination,Connect Cost,Included Seconds,Per Minute Cost,Initial Increment,Increment,Precedence,Strip,Prepend
55489,Movel,0,4,0.185,30,6,,,
Code,Destination,Connect Cost,Included Seconds,Per Minute Cost,Initial Increment,Increment,Precedence,Strip,Prepend
55496,Movel,0,4,0.185,30,6,,,
Code,Destination,Connect Cost,Included Seconds,Per Minute Cost,Initial Increment,Increment,Precedence,Strip,Prepend
55497,Movel,0,4,0.185,30,6,,,
Code,Destination,Connect Cost,Included Seconds,Per Minute Cost,Initial Increment,Increment,Precedence,Strip,Prepend
55498,Movel,0,4,0.185,30,6,,,
Code,Destination,Connect Cost,Included Seconds,Per Minute Cost,Initial Increment,Increment,Precedence,Strip,Prepend
55499,Movel,0,4,0.185,30,6,,,
Code,Destination,Connect Cost,Included Seconds,Per Minute Cost,Initial Increment,Increment,Precedence,Strip,Prepend
55506,Movel,0,4,0.185,30,6,,,
Code,Destination,Connect Cost,Included Seconds,Per Minute Cost,Initial Increment,Increment,Precedence,Strip,Prepend
55507,Movel,0,4,0.185,30,6,,,
Code,Destination,Connect Cost,Included Seconds,Per Minute Cost,Initial Increment,Increment,Precedence,Strip,Prepend
55508,Movel,0,4,0.185,30,6,,,
Code,Destination,Connect Cost,Included Seconds,Per Minute Cost,Initial Increment,Increment,Precedence,Strip,Prepend
55509,Movel,0,4,0.185,30,6,,,
Code,Destination,Connect Cost,Included Seconds,Per Minute Cost,Initial Increment,Increment,Precedence,Strip,Prepend
55516,Movel,0,4,0.185,30,6,,,
Code,Destination,Connect Cost,Included Seconds,Per Minute Cost,Initial Increment,Increment,Precedence,Strip,Prepend
55517,Movel,0,4,0.185,30,6,,,
Code,Destination,Connect Cost,Included Seconds,Per Minute Cost,Initial Increment,Increment,Precedence,Strip,Prepend
55518,Movel,0,4,0.185,30,6,,,
Code,Destination,Connect Cost,Included Seconds,Per Minute Cost,Initial Increment,Increment,Precedence,Strip,Prepend
55519,Movel,0,4,0.185,30,6,,,
Code,Destination,Connect Cost,Included Seconds,Per Minute Cost,Initial Increment,Increment,Precedence,Strip,Prepend
55526,Movel,0,4,0.185,30,6,,,
Code,Destination,Connect Cost,Included Seconds,Per Minute Cost,Initial Increment,Increment,Precedence,Strip,Prepend
55527,Movel,0,4,0.185,30,6,,,
Code,Destination,Connect Cost,Included Seconds,Per Minute Cost,Initial Increment,Increment,Precedence,Strip,Prepend
55528,Movel,0,4,0.185,30,6,,,
Code,Destination,Connect Cost,Included Seconds,Per Minute Cost,Initial Increment,Increment,Precedence,Strip,Prepend
55529,Movel,0,4,0.185,30,6,,,
Code,Destination,Connect Cost,Included Seconds,Per Minute Cost,Initial Increment,Increment,Precedence,Strip,Prepend
55536,Movel,0,4,0.185,30,6,,,
Code,Destination,Connect Cost,Included Seconds,Per Minute Cost,Initial Increment,Increment,Precedence,Strip,Prepend
55537,Movel,0,4,0.185,30,6,,,
Code,Destination,Connect Cost,Included Seconds,Per Minute Cost,Initial Increment,Increment,Precedence,Strip,Prepend
55538,Movel,0,4,0.185,30,6,,,
Code,Destination,Connect Cost,Included Seconds,Per Minute Cost,Initial Increment,Increment,Precedence,Strip,Prepend
55539,Movel,0,4,0.185,30,6,,,
Code,Destination,Connect Cost,Included Seconds,Per Minute Cost,Initial Increment,Increment,Precedence,Strip,Prepend
55546,Movel,0,4,0.185,30,6,,,
Code,Destination,Connect Cost,Included Seconds,Per Minute Cost,Initial Increment,Increment,Precedence,Strip,Prepend
55547,Movel,0,4,0.185,30,6,,,
Code,Destination,Connect Cost,Included Seconds,Per Minute Cost,Initial Increment,Increment,Precedence,Strip,Prepend
55548,Movel,0,4,0.185,30,6,,,
Code,Destination,Connect Cost,Included Seconds,Per Minute Cost,Initial Increment,Increment,Precedence,Strip,Prepend
55549,Movel,0,4,0.185,30,6,,,
Code,Destination,Connect Cost,Included Seconds,Per Minute Cost,Initial Increment,Increment,Precedence,Strip,Prepend
55556,Movel,0,4,0.185,30,6,,,
Code,Destination,Connect Cost,Included Seconds,Per Minute Cost,Initial Increment,Increment,Precedence,Strip,Prepend
55557,Movel,0,4,0.185,30,6,,,
Code,Destination,Connect Cost,Included Seconds,Per Minute Cost,Initial Increment,Increment,Precedence,Strip,Prepend
55558,Movel,0,4,0.185,30,6,,,
Code,Destination,Connect Cost,Included Seconds,Per Minute Cost,Initial Increment,Increment,Precedence,Strip,Prepend
55559,Movel,0,4,0.185,30,6,,,
Code,Destination,Connect Cost,Included Seconds,Per Minute Cost,Initial Increment,Increment,Precedence,Strip,Prepend
55566,Movel,0,4,0.185,30,6,,,
Code,Destination,Connect Cost,Included Seconds,Per Minute Cost,Initial Increment,Increment,Precedence,Strip,Prepend
55567,Movel,0,4,0.185,30,6,,,
Code,Destination,Connect Cost,Included Seconds,Per Minute Cost,Initial Increment,Increment,Precedence,Strip,Prepend
55568,Movel,0,4,0.185,30,6,,,
Code,Destination,Connect Cost,Included Seconds,Per Minute Cost,Initial Increment,Increment,Precedence,Strip,Prepend
55569,Movel,0,4,0.185,30,6,,,
Code,Destination,Connect Cost,Included Seconds,Per Minute Cost,Initial Increment,Increment,Precedence,Strip,Prepend
55576,Movel,0,4,0.185,30,6,,,
Code,Destination,Connect Cost,Included Seconds,Per Minute Cost,Initial Increment,Increment,Precedence,Strip,Prepend
55577,Movel,0,4,0.185,30,6,,,
Code,Destination,Connect Cost,Included Seconds,Per Minute Cost,Initial Increment,Increment,Precedence,Strip,Prepend
55578,Movel,0,4,0.185,30,6,,,
Code,Destination,Connect Cost,Included Seconds,Per Minute Cost,Initial Increment,Increment,Precedence,Strip,Prepend
55579,Movel,0,4,0.185,30,6,,,
Code,Destination,Connect Cost,Included Seconds,Per Minute Cost,Initial Increment,Increment,Precedence,Strip,Prepend
55586,Movel,0,4,0.185,30,6,,,
Code,Destination,Connect Cost,Included Seconds,Per Minute Cost,Initial Increment,Increment,Precedence,Strip,Prepend
55587,Movel,0,4,0.185,30,6,,,
Code,Destination,Connect Cost,Included Seconds,Per Minute Cost,Initial Increment,Increment,Precedence,Strip,Prepend
55588,Movel,0,4,0.185,30,6,,,
Code,Destination,Connect Cost,Included Seconds,Per Minute Cost,Initial Increment,Increment,Precedence,Strip,Prepend
55589,Movel,0,4,0.185,30,6,,,
Code,Destination,Connect Cost,Included Seconds,Per Minute Cost,Initial Increment,Increment,Precedence,Strip,Prepend
55596,Movel,0,4,0.185,30,6,,,
Code,Destination,Connect Cost,Included Seconds,Per Minute Cost,Initial Increment,Increment,Precedence,Strip,Prepend
55597,Movel,0,4,0.185,30,6,,,
Code,Destination,Connect Cost,Included Seconds,Per Minute Cost,Initial Increment,Increment,Precedence,Strip,Prepend
55598,Movel,0,4,0.185,30,6,,,
Code,Destination,Connect Cost,Included Seconds,Per Minute Cost,Initial Increment,Increment,Precedence,Strip,Prepend
55599,Movel,0,4,0.185,30,6,,,
Code,Destination,Connect Cost,Included Seconds,Per Minute Cost,Initial Increment,Increment,Precedence,Strip,Prepend
55606,Movel,0,4,0.185,30,6,,,
Code,Destination,Connect Cost,Included Seconds,Per Minute Cost,Initial Increment,Increment,Precedence,Strip,Prepend
55607,Movel,0,4,0.185,30,6,,,
Code,Destination,Connect Cost,Included Seconds,Per Minute Cost,Initial Increment,Increment,Precedence,Strip,Prepend
55608,Movel,0,4,0.185,30,6,,,
Code,Destination,Connect Cost,Included Seconds,Per Minute Cost,Initial Increment,Increment,Precedence,Strip,Prepend
55609,Movel,0,4,0.185,30,6,,,
Code,Destination,Connect Cost,Included Seconds,Per Minute Cost,Initial Increment,Increment,Precedence,Strip,Prepend
55616,Movel,0,4,0.185,30,6,,,
Code,Destination,Connect Cost,Included Seconds,Per Minute Cost,Initial Increment,Increment,Precedence,Strip,Prepend
55617,Movel,0,4,0.185,30,6,,,
Code,Destination,Connect Cost,Included Seconds,Per Minute Cost,Initial Increment,Increment,Precedence,Strip,Prepend
55618,Movel,0,4,0.185,30,6,,,
Code,Destination,Connect Cost,Included Seconds,Per Minute Cost,Initial Increment,Increment,Precedence,Strip,Prepend
55619,Movel,0,4,0.185,30,6,,,
Code,Destination,Connect Cost,Included Seconds,Per Minute Cost,Initial Increment,Increment,Precedence,Strip,Prepend
55626,Movel,0,4,0.185,30,6,,,
Code,Destination,Connect Cost,Included Seconds,Per Minute Cost,Initial Increment,Increment,Precedence,Strip,Prepend
55627,Movel,0,4,0.185,30,6,,,
Code,Destination,Connect Cost,Included Seconds,Per Minute Cost,Initial Increment,Increment,Precedence,Strip,Prepend
55628,Movel,0,4,0.185,30,6,,,
Code,Destination,Connect Cost,Included Seconds,Per Minute Cost,Initial Increment,Increment,Precedence,Strip,Prepend
55629,Movel,0,4,0.185,30,6,,,
Code,Destination,Connect Cost,Included Seconds,Per Minute Cost,Initial Increment,Increment,Precedence,Strip,Prepend
55636,Movel,0,4,0.185,30,6,,,
Code,Destination,Connect Cost,Included Seconds,Per Minute Cost,Initial Increment,Increment,Precedence,Strip,Prepend
55637,Movel,0,4,0.185,30,6,,,
Code,Destination,Connect Cost,Included Seconds,Per Minute Cost,Initial Increment,Increment,Precedence,Strip,Prepend
55638,Movel,0,4,0.185,30,6,,,
Code,Destination,Connect Cost,Included Seconds,Per Minute Cost,Initial Increment,Increment,Precedence,Strip,Prepend
55639,Movel,0,4,0.185,30,6,,,
Code,Destination,Connect Cost,Included Seconds,Per Minute Cost,Initial Increment,Increment,Precedence,Strip,Prepend
55646,Movel,0,4,0.185,30,6,,,
Code,Destination,Connect Cost,Included Seconds,Per Minute Cost,Initial Increment,Increment,Precedence,Strip,Prepend
55647,Movel,0,4,0.185,30,6,,,
Code,Destination,Connect Cost,Included Seconds,Per Minute Cost,Initial Increment,Increment,Precedence,Strip,Prepend
55648,Movel,0,4,0.185,30,6,,,
Code,Destination,Connect Cost,Included Seconds,Per Minute Cost,Initial Increment,Increment,Precedence,Strip,Prepend
55649,Movel,0,4,0.185,30,6,,,
Code,Destination,Connect Cost,Included Seconds,Per Minute Cost,Initial Increment,Increment,Precedence,Strip,Prepend
55656,Movel,0,4,0.185,30,6,,,
Code,Destination,Connect Cost,Included Seconds,Per Minute Cost,Initial Increment,Increment,Precedence,Strip,Prepend
55657,Movel,0,4,0.185,30,6,,,
Code,Destination,Connect Cost,Included Seconds,Per Minute Cost,Initial Increment,Increment,Precedence,Strip,Prepend
55658,Movel,0,4,0.185,30,6,,,
Code,Destination,Connect Cost,Included Seconds,Per Minute Cost,Initial Increment,Increment,Precedence,Strip,Prepend
55659,Movel,0,4,0.185,30,6,,,
Code,Destination,Connect Cost,Included Seconds,Per Minute Cost,Initial Increment,Increment,Precedence,Strip,Prepend
55666,Movel,0,4,0.185,30,6,,,
Code,Destination,Connect Cost,Included Seconds,Per Minute Cost,Initial Increment,Increment,Precedence,Strip,Prepend
55667,Movel,0,4,0.185,30,6,,,
Code,Destination,Connect Cost,Included Seconds,Per Minute Cost,Initial Increment,Increment,Precedence,Strip,Prepend
55668,Movel,0,4,0.185,30,6,,,
Code,Destination,Connect Cost,Included Seconds,Per Minute Cost,Initial Increment,Increment,Precedence,Strip,Prepend
55669,Movel,0,4,0.185,30,6,,,
Code,Destination,Connect Cost,Included Seconds,Per Minute Cost,Initial Increment,Increment,Precedence,Strip,Prepend
55676,Movel,0,4,0.185,30,6,,,
Code,Destination,Connect Cost,Included Seconds,Per Minute Cost,Initial Increment,Increment,Precedence,Strip,Prepend
55677,Movel,0,4,0.185,30,6,,,
Code,Destination,Connect Cost,Included Seconds,Per Minute Cost,Initial Increment,Increment,Precedence,Strip,Prepend
55678,Movel,0,4,0.185,30,6,,,
Code,Destination,Connect Cost,Included Seconds,Per Minute Cost,Initial Increment,Increment,Precedence,Strip,Prepend
55679,Movel,0,4,0.185,30,6,,,
Code,Destination,Connect Cost,Included Seconds,Per Minute Cost,Initial Increment,Increment,Precedence,Strip,Prepend
55686,Movel,0,4,0.185,30,6,,,
Code,Destination,Connect Cost,Included Seconds,Per Minute Cost,Initial Increment,Increment,Precedence,Strip,Prepend
55687,Movel,0,4,0.185,30,6,,,
Code,Destination,Connect Cost,Included Seconds,Per Minute Cost,Initial Increment,Increment,Precedence,Strip,Prepend
55688,Movel,0,4,0.185,30,6,,,
Code,Destination,Connect Cost,Included Seconds,Per Minute Cost,Initial Increment,Increment,Precedence,Strip,Prepend
55689,Movel,0,4,0.185,30,6,,,
Code,Destination,Connect Cost,Included Seconds,Per Minute Cost,Initial Increment,Increment,Precedence,Strip,Prepend
55696,Movel,0,4,0.185,30,6,,,
Code,Destination,Connect Cost,Included Seconds,Per Minute Cost,Initial Increment,Increment,Precedence,Strip,Prepend
55697,Movel,0,4,0.185,30,6,,,
Code,Destination,Connect Cost,Included Seconds,Per Minute Cost,Initial Increment,Increment,Precedence,Strip,Prepend
55698,Movel,0,4,0.185,30,6,,,
Code,Destination,Connect Cost,Included Seconds,Per Minute Cost,Initial Increment,Increment,Precedence,Strip,Prepend
55699,Movel,0,4,0.185,30,6,,,
Code,Destination,Connect Cost,Included Seconds,Per Minute Cost,Initial Increment,Increment,Precedence,Strip,Prepend
55706,Movel,0,4,0.185,30,6,,,
Code,Destination,Connect Cost,Included Seconds,Per Minute Cost,Initial Increment,Increment,Precedence,Strip,Prepend
55707,Movel,0,4,0.185,30,6,,,
Code,Destination,Connect Cost,Included Seconds,Per Minute Cost,Initial Increment,Increment,Precedence,Strip,Prepend
55708,Movel,0,4,0.185,30,6,,,
Code,Destination,Connect Cost,Included Seconds,Per Minute Cost,Initial Increment,Increment,Precedence,Strip,Prepend
55709,Movel,0,4,0.185,30,6,,,
Code,Destination,Connect Cost,Included Seconds,Per Minute Cost,Initial Increment,Increment,Precedence,Strip,Prepend
55716,Movel,0,4,0.185,30,6,,,
Code,Destination,Connect Cost,Included Seconds,Per Minute Cost,Initial Increment,Increment,Precedence,Strip,Prepend
55717,Movel,0,4,0.185,30,6,,,
Code,Destination,Connect Cost,Included Seconds,Per Minute Cost,Initial Increment,Increment,Precedence,Strip,Prepend
55718,Movel,0,4,0.185,30,6,,,
Code,Destination,Connect Cost,Included Seconds,Per Minute Cost,Initial Increment,Increment,Precedence,Strip,Prepend
55719,Movel,0,4,0.185,30,6,,,
Code,Destination,Connect Cost,Included Seconds,Per Minute Cost,Initial Increment,Increment,Precedence,Strip,Prepend
55726,Movel,0,4,0.185,30,6,,,
Code,Destination,Connect Cost,Included Seconds,Per Minute Cost,Initial Increment,Increment,Precedence,Strip,Prepend
55727,Movel,0,4,0.185,30,6,,,
Code,Destination,Connect Cost,Included Seconds,Per Minute Cost,Initial Increment,Increment,Precedence,Strip,Prepend
55728,Movel,0,4,0.185,30,6,,,
Code,Destination,Connect Cost,Included Seconds,Per Minute Cost,Initial Increment,Increment,Precedence,Strip,Prepend
55729,Movel,0,4,0.185,30,6,,,
Code,Destination,Connect Cost,Included Seconds,Per Minute Cost,Initial Increment,Increment,Precedence,Strip,Prepend
55736,Movel,0,4,0.185,30,6,,,
Code,Destination,Connect Cost,Included Seconds,Per Minute Cost,Initial Increment,Increment,Precedence,Strip,Prepend
55737,Movel,0,4,0.185,30,6,,,
Code,Destination,Connect Cost,Included Seconds,Per Minute Cost,Initial Increment,Increment,Precedence,Strip,Prepend
55738,Movel,0,4,0.185,30,6,,,
Code,Destination,Connect Cost,Included Seconds,Per Minute Cost,Initial Increment,Increment,Precedence,Strip,Prepend
55739,Movel,0,4,0.185,30,6,,,
Code,Destination,Connect Cost,Included Seconds,Per Minute Cost,Initial Increment,Increment,Precedence,Strip,Prepend
55746,Movel,0,4,0.185,30,6,,,
Code,Destination,Connect Cost,Included Seconds,Per Minute Cost,Initial Increment,Increment,Precedence,Strip,Prepend
55747,Movel,0,4,0.185,30,6,,,
Code,Destination,Connect Cost,Included Seconds,Per Minute Cost,Initial Increment,Increment,Precedence,Strip,Prepend
55748,Movel,0,4,0.185,30,6,,,
Code,Destination,Connect Cost,Included Seconds,Per Minute Cost,Initial Increment,Increment,Precedence,Strip,Prepend
55749,Movel,0,4,0.185,30,6,,,
Code,Destination,Connect Cost,Included Seconds,Per Minute Cost,Initial Increment,Increment,Precedence,Strip,Prepend
55756,Movel,0,4,0.185,30,6,,,
Code,Destination,Connect Cost,Included Seconds,Per Minute Cost,Initial Increment,Increment,Precedence,Strip,Prepend
55757,Movel,0,4,0.185,30,6,,,
Code,Destination,Connect Cost,Included Seconds,Per Minute Cost,Initial Increment,Increment,Precedence,Strip,Prepend
55758,Movel,0,4,0.185,30,6,,,
Code,Destination,Connect Cost,Included Seconds,Per Minute Cost,Initial Increment,Increment,Precedence,Strip,Prepend
55759,Movel,0,4,0.185,30,6,,,
Code,Destination,Connect Cost,Included Seconds,Per Minute Cost,Initial Increment,Increment,Precedence,Strip,Prepend
55766,Movel,0,4,0.185,30,6,,,
Code,Destination,Connect Cost,Included Seconds,Per Minute Cost,Initial Increment,Increment,Precedence,Strip,Prepend
55767,Movel,0,4,0.185,30,6,,,
Code,Destination,Connect Cost,Included Seconds,Per Minute Cost,Initial Increment,Increment,Precedence,Strip,Prepend
55768,Movel,0,4,0.185,30,6,,,
Code,Destination,Connect Cost,Included Seconds,Per Minute Cost,Initial Increment,Increment,Precedence,Strip,Prepend
55769,Movel,0,4,0.185,30,6,,,
Code,Destination,Connect Cost,Included Seconds,Per Minute Cost,Initial Increment,Increment,Precedence,Strip,Prepend
55776,Movel,0,4,0.185,30,6,,,
Code,Destination,Connect Cost,Included Seconds,Per Minute Cost,Initial Increment,Increment,Precedence,Strip,Prepend
55777,Movel,0,4,0.185,30,6,,,
Code,Destination,Connect Cost,Included Seconds,Per Minute Cost,Initial Increment,Increment,Precedence,Strip,Prepend
55778,Movel,0,4,0.185,30,6,,,
Code,Destination,Connect Cost,Included Seconds,Per Minute Cost,Initial Increment,Increment,Precedence,Strip,Prepend
55779,Movel,0,4,0.185,30,6,,,
Code,Destination,Connect Cost,Included Seconds,Per Minute Cost,Initial Increment,Increment,Precedence,Strip,Prepend
55786,Movel,0,4,0.185,30,6,,,
Code,Destination,Connect Cost,Included Seconds,Per Minute Cost,Initial Increment,Increment,Precedence,Strip,Prepend
55787,Movel,0,4,0.185,30,6,,,
Code,Destination,Connect Cost,Included Seconds,Per Minute Cost,Initial Increment,Increment,Precedence,Strip,Prepend
55788,Movel,0,4,0.185,30,6,,,
Code,Destination,Connect Cost,Included Seconds,Per Minute Cost,Initial Increment,Increment,Precedence,Strip,Prepend
55789,Movel,0,4,0.185,30,6,,,
Code,Destination,Connect Cost,Included Seconds,Per Minute Cost,Initial Increment,Increment,Precedence,Strip,Prepend
55796,Movel,0,4,0.185,30,6,,,
Code,Destination,Connect Cost,Included Seconds,Per Minute Cost,Initial Increment,Increment,Precedence,Strip,Prepend
55797,Movel,0,4,0.185,30,6,,,
Code,Destination,Connect Cost,Included Seconds,Per Minute Cost,Initial Increment,Increment,Precedence,Strip,Prepend
55798,Movel,0,4,0.185,30,6,,,
Code,Destination,Connect Cost,Included Seconds,Per Minute Cost,Initial Increment,Increment,Precedence,Strip,Prepend
55799,Movel,0,4,0.185,30,6,,,
Code,Destination,Connect Cost,Included Seconds,Per Minute Cost,Initial Increment,Increment,Precedence,Strip,Prepend
55806,Movel,0,4,0.185,30,6,,,
Code,Destination,Connect Cost,Included Seconds,Per Minute Cost,Initial Increment,Increment,Precedence,Strip,Prepend
55807,Movel,0,4,0.185,30,6,,,
Code,Destination,Connect Cost,Included Seconds,Per Minute Cost,Initial Increment,Increment,Precedence,Strip,Prepend
55808,Movel,0,4,0.185,30,6,,,
Code,Destination,Connect Cost,Included Seconds,Per Minute Cost,Initial Increment,Increment,Precedence,Strip,Prepend
55809,Movel,0,4,0.185,30,6,,,
Code,Destination,Connect Cost,Included Seconds,Per Minute Cost,Initial Increment,Increment,Precedence,Strip,Prepend
55816,Movel,0,4,0.185,30,6,,,
Code,Destination,Connect Cost,Included Seconds,Per Minute Cost,Initial Increment,Increment,Precedence,Strip,Prepend
55817,Movel,0,4,0.185,30,6,,,
Code,Destination,Connect Cost,Included Seconds,Per Minute Cost,Initial Increment,Increment,Precedence,Strip,Prepend
55818,Movel,0,4,0.185,30,6,,,
Code,Destination,Connect Cost,Included Seconds,Per Minute Cost,Initial Increment,Increment,Precedence,Strip,Prepend
55819,Movel,0,4,0.185,30,6,,,
Code,Destination,Connect Cost,Included Seconds,Per Minute Cost,Initial Increment,Increment,Precedence,Strip,Prepend
55826,Movel,0,4,0.185,30,6,,,
Code,Destination,Connect Cost,Included Seconds,Per Minute Cost,Initial Increment,Increment,Precedence,Strip,Prepend
55827,Movel,0,4,0.185,30,6,,,
Code,Destination,Connect Cost,Included Seconds,Per Minute Cost,Initial Increment,Increment,Precedence,Strip,Prepend
55828,Movel,0,4,0.185,30,6,,,
Code,Destination,Connect Cost,Included Seconds,Per Minute Cost,Initial Increment,Increment,Precedence,Strip,Prepend
55829,Movel,0,4,0.185,30,6,,,
Code,Destination,Connect Cost,Included Seconds,Per Minute Cost,Initial Increment,Increment,Precedence,Strip,Prepend
55836,Movel,0,4,0.185,30,6,,,
Code,Destination,Connect Cost,Included Seconds,Per Minute Cost,Initial Increment,Increment,Precedence,Strip,Prepend
55837,Movel,0,4,0.185,30,6,,,
Code,Destination,Connect Cost,Included Seconds,Per Minute Cost,Initial Increment,Increment,Precedence,Strip,Prepend
55838,Movel,0,4,0.185,30,6,,,
Code,Destination,Connect Cost,Included Seconds,Per Minute Cost,Initial Increment,Increment,Precedence,Strip,Prepend
55839,Movel,0,4,0.185,30,6,,,
Code,Destination,Connect Cost,Included Seconds,Per Minute Cost,Initial Increment,Increment,Precedence,Strip,Prepend
55846,Movel,0,4,0.185,30,6,,,
Code,Destination,Connect Cost,Included Seconds,Per Minute Cost,Initial Increment,Increment,Precedence,Strip,Prepend
55847,Movel,0,4,0.185,30,6,,,
Code,Destination,Connect Cost,Included Seconds,Per Minute Cost,Initial Increment,Increment,Precedence,Strip,Prepend
55848,Movel,0,4,0.185,30,6,,,
Code,Destination,Connect Cost,Included Seconds,Per Minute Cost,Initial Increment,Increment,Precedence,Strip,Prepend
55849,Movel,0,4,0.185,30,6,,,
Code,Destination,Connect Cost,Included Seconds,Per Minute Cost,Initial Increment,Increment,Precedence,Strip,Prepend
55856,Movel,0,4,0.185,30,6,,,
Code,Destination,Connect Cost,Included Seconds,Per Minute Cost,Initial Increment,Increment,Precedence,Strip,Prepend
55857,Movel,0,4,0.185,30,6,,,
Code,Destination,Connect Cost,Included Seconds,Per Minute Cost,Initial Increment,Increment,Precedence,Strip,Prepend
55858,Movel,0,4,0.185,30,6,,,
Code,Destination,Connect Cost,Included Seconds,Per Minute Cost,Initial Increment,Increment,Precedence,Strip,Prepend
55859,Movel,0,4,0.185,30,6,,,
Code,Destination,Connect Cost,Included Seconds,Per Minute Cost,Initial Increment,Increment,Precedence,Strip,Prepend
55866,Movel,0,4,0.185,30,6,,,
Code,Destination,Connect Cost,Included Seconds,Per Minute Cost,Initial Increment,Increment,Precedence,Strip,Prepend
55867,Movel,0,4,0.185,30,6,,,
Code,Destination,Connect Cost,Included Seconds,Per Minute Cost,Initial Increment,Increment,Precedence,Strip,Prepend
55868,Movel,0,4,0.185,30,6,,,
Code,Destination,Connect Cost,Included Seconds,Per Minute Cost,Initial Increment,Increment,Precedence,Strip,Prepend
55869,Movel,0,4,0.185,30,6,,,
Code,Destination,Connect Cost,Included Seconds,Per Minute Cost,Initial Increment,Increment,Precedence,Strip,Prepend
55876,Movel,0,4,0.185,30,6,,,
Code,Destination,Connect Cost,Included Seconds,Per Minute Cost,Initial Increment,Increment,Precedence,Strip,Prepend
55877,Movel,0,4,0.185,30,6,,,
Code,Destination,Connect Cost,Included Seconds,Per Minute Cost,Initial Increment,Increment,Precedence,Strip,Prepend
55878,Movel,0,4,0.185,30,6,,,
Code,Destination,Connect Cost,Included Seconds,Per Minute Cost,Initial Increment,Increment,Precedence,Strip,Prepend
55879,Movel,0,4,0.185,30,6,,,
Code,Destination,Connect Cost,Included Seconds,Per Minute Cost,Initial Increment,Increment,Precedence,Strip,Prepend
55886,Movel,0,4,0.185,30,6,,,
Code,Destination,Connect Cost,Included Seconds,Per Minute Cost,Initial Increment,Increment,Precedence,Strip,Prepend
55887,Movel,0,4,0.185,30,6,,,
Code,Destination,Connect Cost,Included Seconds,Per Minute Cost,Initial Increment,Increment,Precedence,Strip,Prepend
55888,Movel,0,4,0.185,30,6,,,
Code,Destination,Connect Cost,Included Seconds,Per Minute Cost,Initial Increment,Increment,Precedence,Strip,Prepend
55889,Movel,0,4,0.185,30,6,,,
Code,Destination,Connect Cost,Included Seconds,Per Minute Cost,Initial Increment,Increment,Precedence,Strip,Prepend
55896,Movel,0,4,0.185,30,6,,,
Code,Destination,Connect Cost,Included Seconds,Per Minute Cost,Initial Increment,Increment,Precedence,Strip,Prepend
55897,Movel,0,4,0.185,30,6,,,
Code,Destination,Connect Cost,Included Seconds,Per Minute Cost,Initial Increment,Increment,Precedence,Strip,Prepend
55898,Movel,0,4,0.185,30,6,,,
Code,Destination,Connect Cost,Included Seconds,Per Minute Cost,Initial Increment,Increment,Precedence,Strip,Prepend
55899,Movel,0,4,0.185,30,6,,,
Code,Destination,Connect Cost,Included Seconds,Per Minute Cost,Initial Increment,Increment,Precedence,Strip,Prepend
55906,Movel,0,4,0.185,30,6,,,
Code,Destination,Connect Cost,Included Seconds,Per Minute Cost,Initial Increment,Increment,Precedence,Strip,Prepend
55907,Movel,0,4,0.185,30,6,,,
Code,Destination,Connect Cost,Included Seconds,Per Minute Cost,Initial Increment,Increment,Precedence,Strip,Prepend
55908,Movel,0,4,0.185,30,6,,,
Code,Destination,Connect Cost,Included Seconds,Per Minute Cost,Initial Increment,Increment,Precedence,Strip,Prepend
55909,Movel,0,4,0.185,30,6,,,
Code,Destination,Connect Cost,Included Seconds,Per Minute Cost,Initial Increment,Increment,Precedence,Strip,Prepend
55916,Movel,0,4,0.185,30,6,,,
Code,Destination,Connect Cost,Included Seconds,Per Minute Cost,Initial Increment,Increment,Precedence,Strip,Prepend
55917,Movel,0,4,0.185,30,6,,,
Code,Destination,Connect Cost,Included Seconds,Per Minute Cost,Initial Increment,Increment,Precedence,Strip,Prepend
55918,Movel,0,4,0.185,30,6,,,
Code,Destination,Connect Cost,Included Seconds,Per Minute Cost,Initial Increment,Increment,Precedence,Strip,Prepend
55919,Movel,0,4,0.185,30,6,,,
Code,Destination,Connect Cost,Included Seconds,Per Minute Cost,Initial Increment,Increment,Precedence,Strip,Prepend
55926,Movel,0,4,0.185,30,6,,,
Code,Destination,Connect Cost,Included Seconds,Per Minute Cost,Initial Increment,Increment,Precedence,Strip,Prepend
55927,Movel,0,4,0.185,30,6,,,
Code,Destination,Connect Cost,Included Seconds,Per Minute Cost,Initial Increment,Increment,Precedence,Strip,Prepend
55928,Movel,0,4,0.185,30,6,,,
Code,Destination,Connect Cost,Included Seconds,Per Minute Cost,Initial Increment,Increment,Precedence,Strip,Prepend
55929,Movel,0,4,0.185,30,6,,,
Code,Destination,Connect Cost,Included Seconds,Per Minute Cost,Initial Increment,Increment,Precedence,Strip,Prepend
55936,Movel,0,4,0.185,30,6,,,
Code,Destination,Connect Cost,Included Seconds,Per Minute Cost,Initial Increment,Increment,Precedence,Strip,Prepend
55937,Movel,0,4,0.185,30,6,,,
Code,Destination,Connect Cost,Included Seconds,Per Minute Cost,Initial Increment,Increment,Precedence,Strip,Prepend
55938,Movel,0,4,0.185,30,6,,,
Code,Destination,Connect Cost,Included Seconds,Per Minute Cost,Initial Increment,Increment,Precedence,Strip,Prepend
55939,Movel,0,4,0.185,30,6,,,
Code,Destination,Connect Cost,Included Seconds,Per Minute Cost,Initial Increment,Increment,Precedence,Strip,Prepend
55946,Movel,0,4,0.185,30,6,,,
Code,Destination,Connect Cost,Included Seconds,Per Minute Cost,Initial Increment,Increment,Precedence,Strip,Prepend
55947,Movel,0,4,0.185,30,6,,,
Code,Destination,Connect Cost,Included Seconds,Per Minute Cost,Initial Increment,Increment,Precedence,Strip,Prepend
55948,Movel,0,4,0.185,30,6,,,
Code,Destination,Connect Cost,Included Seconds,Per Minute Cost,Initial Increment,Increment,Precedence,Strip,Prepend
55949,Movel,0,4,0.185,30,6,,,
Code,Destination,Connect Cost,Included Seconds,Per Minute Cost,Initial Increment,Increment,Precedence,Strip,Prepend
55956,Movel,0,4,0.185,30,6,,,
Code,Destination,Connect Cost,Included Seconds,Per Minute Cost,Initial Increment,Increment,Precedence,Strip,Prepend
55957,Movel,0,4,0.185,30,6,,,
Code,Destination,Connect Cost,Included Seconds,Per Minute Cost,Initial Increment,Increment,Precedence,Strip,Prepend
55958,Movel,0,4,0.185,30,6,,,
Code,Destination,Connect Cost,Included Seconds,Per Minute Cost,Initial Increment,Increment,Precedence,Strip,Prepend
55959,Movel,0,4,0.185,30,6,,,
Code,Destination,Connect Cost,Included Seconds,Per Minute Cost,Initial Increment,Increment,Precedence,Strip,Prepend
55966,Movel,0,4,0.185,30,6,,,
Code,Destination,Connect Cost,Included Seconds,Per Minute Cost,Initial Increment,Increment,Precedence,Strip,Prepend
55967,Movel,0,4,0.185,30,6,,,
Code,Destination,Connect Cost,Included Seconds,Per Minute Cost,Initial Increment,Increment,Precedence,Strip,Prepend
55968,Movel,0,4,0.185,30,6,,,
Code,Destination,Connect Cost,Included Seconds,Per Minute Cost,Initial Increment,Increment,Precedence,Strip,Prepend
55969,Movel,0,4,0.185,30,6,,,
Code,Destination,Connect Cost,Included Seconds,Per Minute Cost,Initial Increment,Increment,Precedence,Strip,Prepend
55976,Movel,0,4,0.185,30,6,,,
Code,Destination,Connect Cost,Included Seconds,Per Minute Cost,Initial Increment,Increment,Precedence,Strip,Prepend
55977,Movel,0,4,0.185,30,6,,,
Code,Destination,Connect Cost,Included Seconds,Per Minute Cost,Initial Increment,Increment,Precedence,Strip,Prepend
55978,Movel,0,4,0.185,30,6,,,
Code,Destination,Connect Cost,Included Seconds,Per Minute Cost,Initial Increment,Increment,Precedence,Strip,Prepend
55979,Movel,0,4,0.185,30,6,,,
Code,Destination,Connect Cost,Included Seconds,Per Minute Cost,Initial Increment,Increment,Precedence,Strip,Prepend
55986,Movel,0,4,0.185,30,6,,,
Code,Destination,Connect Cost,Included Seconds,Per Minute Cost,Initial Increment,Increment,Precedence,Strip,Prepend
55987,Movel,0,4,0.185,30,6,,,
Code,Destination,Connect Cost,Included Seconds,Per Minute Cost,Initial Increment,Increment,Precedence,Strip,Prepend
55988,Movel,0,4,0.185,30,6,,,
Code,Destination,Connect Cost,Included Seconds,Per Minute Cost,Initial Increment,Increment,Precedence,Strip,Prepend
55989,Movel,0,4,0.185,30,6,,,
Code,Destination,Connect Cost,Included Seconds,Per Minute Cost,Initial Increment,Increment,Precedence,Strip,Prepend
55996,Movel,0,4,0.185,30,6,,,
Code,Destination,Connect Cost,Included Seconds,Per Minute Cost,Initial Increment,Increment,Precedence,Strip,Prepend
55997,Movel,0,4,0.185,30,6,,,
Code,Destination,Connect Cost,Included Seconds,Per Minute Cost,Initial Increment,Increment,Precedence,Strip,Prepend
55998,Movel,0,4,0.185,30,6,,,
Code,Destination,Connect Cost,Included Seconds,Per Minute Cost,Initial Increment,Increment,Precedence,Strip,Prepend
55999,Movel,0,4,0.185,30,6,,,
Code,Destination,Connect Cost,Included Seconds,Per Minute Cost,Initial Increment,Increment,Precedence,Strip,Prepend
55,LDN,0,4,0.035,30,6,,,
Code,Destination,Connect Cost,Included Seconds,Per Minute Cost,Initial Increment,Increment,Precedence,Strip,Prepend
5511,Local,0,4,0.035,30,6,,,
Code,Destination,Connect Cost,Included Seconds,Per Minute Cost,Initial Increment,Increment,Precedence,Strip,Prepend
55112118,LDN,0,4,0.035,30,6,,,
Code,Destination,Connect Cost,Included Seconds,Per Minute Cost,Initial Increment,Increment,Precedence,Strip,Prepend
55112119,LDN,0,4,0.035,30,6,,,
Code,Destination,Connect Cost,Included Seconds,Per Minute Cost,Initial Increment,Increment,Precedence,Strip,Prepend
55112136,LDN,0,4,0.035,30,6,,,
Code,Destination,Connect Cost,Included Seconds,Per Minute Cost,Initial Increment,Increment,Precedence,Strip,Prepend
55112152,LDN,0,4,0.035,30,6,,,
Code,Destination,Connect Cost,Included Seconds,Per Minute Cost,Initial Increment,Increment,Precedence,Strip,Prepend
55112267,LDN,0,4,0.035,30,6,,,
Code,Destination,Connect Cost,Included Seconds,Per Minute Cost,Initial Increment,Increment,Precedence,Strip,Prepend
55112298,LDN,0,4,0.035,30,6,,,
Code,Destination,Connect Cost,Included Seconds,Per Minute Cost,Initial Increment,Increment,Precedence,Strip,Prepend
55112299,LDN,0,4,0.035,30,6,,,
Code,Destination,Connect Cost,Included Seconds,Per Minute Cost,Initial Increment,Increment,Precedence,Strip,Prepend
55112328,LDN,0,4,0.035,30,6,,,
Code,Destination,Connect Cost,Included Seconds,Per Minute Cost,Initial Increment,Increment,Precedence,Strip,Prepend
55112390,LDN,0,4,0.035,30,6,,,
Code,Destination,Connect Cost,Included Seconds,Per Minute Cost,Initial Increment,Increment,Precedence,Strip,Prepend
55112396,LDN,0,4,0.035,30,6,,,
Code,Destination,Connect Cost,Included Seconds,Per Minute Cost,Initial Increment,Increment,Precedence,Strip,Prepend
55112397,LDN,0,4,0.035,30,6,,,
Code,Destination,Connect Cost,Included Seconds,Per Minute Cost,Initial Increment,Increment,Precedence,Strip,Prepend
55112398,LDN,0,4,0.035,30,6,,,
Code,Destination,Connect Cost,Included Seconds,Per Minute Cost,Initial Increment,Increment,Precedence,Strip,Prepend
55112399,LDN,0,4,0.035,30,6,,,
Code,Destination,Connect Cost,Included Seconds,Per Minute Cost,Initial Increment,Increment,Precedence,Strip,Prepend
55112410,LDN,0,4,0.035,30,6,,,
Code,Destination,Connect Cost,Included Seconds,Per Minute Cost,Initial Increment,Increment,Precedence,Strip,Prepend
55112415,LDN,0,4,0.035,30,6,,,
Code,Destination,Connect Cost,Included Seconds,Per Minute Cost,Initial Increment,Increment,Precedence,Strip,Prepend
55112416,LDN,0,4,0.035,30,6,,,
Code,Destination,Connect Cost,Included Seconds,Per Minute Cost,Initial Increment,Increment,Precedence,Strip,Prepend
55112417,LDN,0,4,0.035,30,6,,,
Code,Destination,Connect Cost,Included Seconds,Per Minute Cost,Initial Increment,Increment,Precedence,Strip,Prepend
55112418,LDN,0,4,0.035,30,6,,,
Code,Destination,Connect Cost,Included Seconds,Per Minute Cost,Initial Increment,Increment,Precedence,Strip,Prepend
55112419,LDN,0,4,0.035,30,6,,,
Code,Destination,Connect Cost,Included Seconds,Per Minute Cost,Initial Increment,Increment,Precedence,Strip,Prepend
55112420,LDN,0,4,0.035,30,6,,,
Code,Destination,Connect Cost,Included Seconds,Per Minute Cost,Initial Increment,Increment,Precedence,Strip,Prepend
55112426,LDN,0,4,0.035,30,6,,,
Code,Destination,Connect Cost,Included Seconds,Per Minute Cost,Initial Increment,Increment,Precedence,Strip,Prepend
55112427,LDN,0,4,0.035,30,6,,,
Code,Destination,Connect Cost,Included Seconds,Per Minute Cost,Initial Increment,Increment,Precedence,Strip,Prepend
55112428,LDN,0,4,0.035,30,6,,,
Code,Destination,Connect Cost,Included Seconds,Per Minute Cost,Initial Increment,Increment,Precedence,Strip,Prepend
55112429,LDN,0,4,0.035,30,6,,,
Code,Destination,Connect Cost,Included Seconds,Per Minute Cost,Initial Increment,Increment,Precedence,Strip,Prepend
55112430,LDN,0,4,0.035,30,6,,,
Code,Destination,Connect Cost,Included Seconds,Per Minute Cost,Initial Increment,Increment,Precedence,Strip,Prepend
55112434,LDN,0,4,0.035,30,6,,,
Code,Destination,Connect Cost,Included Seconds,Per Minute Cost,Initial Increment,Increment,Precedence,Strip,Prepend
55112435,LDN,0,4,0.035,30,6,,,
Code,Destination,Connect Cost,Included Seconds,Per Minute Cost,Initial Increment,Increment,Precedence,Strip,Prepend
55112448,LDN,0,4,0.035,30,6,,,
Code,Destination,Connect Cost,Included Seconds,Per Minute Cost,Initial Increment,Increment,Precedence,Strip,Prepend
55112449,LDN,0,4,0.035,30,6,,,
Code,Destination,Connect Cost,Included Seconds,Per Minute Cost,Initial Increment,Increment,Precedence,Strip,Prepend
55112454,LDN,0,4,0.035,30,6,,,
Code,Destination,Connect Cost,Included Seconds,Per Minute Cost,Initial Increment,Increment,Precedence,Strip,Prepend
55112473,LDN,0,4,0.035,30,6,,,
Code,Destination,Connect Cost,Included Seconds,Per Minute Cost,Initial Increment,Increment,Precedence,Strip,Prepend
55112474,LDN,0,4,0.035,30,6,,,
Code,Destination,Connect Cost,Included Seconds,Per Minute Cost,Initial Increment,Increment,Precedence,Strip,Prepend
55112490,LDN,0,4,0.035,30,6,,,
Code,Destination,Connect Cost,Included Seconds,Per Minute Cost,Initial Increment,Increment,Precedence,Strip,Prepend
55112491,LDN,0,4,0.035,30,6,,,
Code,Destination,Connect Cost,Included Seconds,Per Minute Cost,Initial Increment,Increment,Precedence,Strip,Prepend
55112493,LDN,0,4,0.035,30,6,,,
Code,Destination,Connect Cost,Included Seconds,Per Minute Cost,Initial Increment,Increment,Precedence,Strip,Prepend
55112494,LDN,0,4,0.035,30,6,,,
Code,Destination,Connect Cost,Included Seconds,Per Minute Cost,Initial Increment,Increment,Precedence,Strip,Prepend
55112510,LDN,0,4,0.035,30,6,,,
Code,Destination,Connect Cost,Included Seconds,Per Minute Cost,Initial Increment,Increment,Precedence,Strip,Prepend
55112517,LDN,0,4,0.035,30,6,,,
Code,Destination,Connect Cost,Included Seconds,Per Minute Cost,Initial Increment,Increment,Precedence,Strip,Prepend
55112519,LDN,0,4,0.035,30,6,,,
Code,Destination,Connect Cost,Included Seconds,Per Minute Cost,Initial Increment,Increment,Precedence,Strip,Prepend
55112520,LDN,0,4,0.035,30,6,,,
Code,Destination,Connect Cost,Included Seconds,Per Minute Cost,Initial Increment,Increment,Precedence,Strip,Prepend
55112530,LDN,0,4,0.035,30,6,,,
Code,Destination,Connect Cost,Included Seconds,Per Minute Cost,Initial Increment,Increment,Precedence,Strip,Prepend
55112531,LDN,0,4,0.035,30,6,,,
Code,Destination,Connect Cost,Included Seconds,Per Minute Cost,Initial Increment,Increment,Precedence,Strip,Prepend
55112550,LDN,0,4,0.035,30,6,,,
Code,Destination,Connect Cost,Included Seconds,Per Minute Cost,Initial Increment,Increment,Precedence,Strip,Prepend
55112570,LDN,0,4,0.035,30,6,,,
Code,Destination,Connect Cost,Included Seconds,Per Minute Cost,Initial Increment,Increment,Precedence,Strip,Prepend
55112580,LDN,0,4,0.035,30,6,,,
Code,Destination,Connect Cost,Included Seconds,Per Minute Cost,Initial Increment,Increment,Precedence,Strip,Prepend
55112616,LDN,0,4,0.035,30,6,,,
Code,Destination,Connect Cost,Included Seconds,Per Minute Cost,Initial Increment,Increment,Precedence,Strip,Prepend
55112617,LDN,0,4,0.035,30,6,,,
Code,Destination,Connect Cost,Included Seconds,Per Minute Cost,Initial Increment,Increment,Precedence,Strip,Prepend
55112708,LDN,0,4,0.035,30,6,,,
Code,Destination,Connect Cost,Included Seconds,Per Minute Cost,Initial Increment,Increment,Precedence,Strip,Prepend
55112709,LDN,0,4,0.035,30,6,,,
Code,Destination,Connect Cost,Included Seconds,Per Minute Cost,Initial Increment,Increment,Precedence,Strip,Prepend
55112715,LDN,0,4,0.035,30,6,,,
Code,Destination,Connect Cost,Included Seconds,Per Minute Cost,Initial Increment,Increment,Precedence,Strip,Prepend
55112716,LDN,0,4,0.035,30,6,,,
Code,Destination,Connect Cost,Included Seconds,Per Minute Cost,Initial Increment,Increment,Precedence,Strip,Prepend
55112750,LDN,0,4,0.035,30,6,,,
Code,Destination,Connect Cost,Included Seconds,Per Minute Cost,Initial Increment,Increment,Precedence,Strip,Prepend
55112780,LDN,0,4,0.035,30,6,,,
Code,Destination,Connect Cost,Included Seconds,Per Minute Cost,Initial Increment,Increment,Precedence,Strip,Prepend
55112811,LDN,0,4,0.035,30,6,,,
Code,Destination,Connect Cost,Included Seconds,Per Minute Cost,Initial Increment,Increment,Precedence,Strip,Prepend
55112816,LDN,0,4,0.035,30,6,,,
Code,Destination,Connect Cost,Included Seconds,Per Minute Cost,Initial Increment,Increment,Precedence,Strip,Prepend
55112817,LDN,0,4,0.035,30,6,,,
Code,Destination,Connect Cost,Included Seconds,Per Minute Cost,Initial Increment,Increment,Precedence,Strip,Prepend
55112840,LDN,0,4,0.035,30,6,,,
Code,Destination,Connect Cost,Included Seconds,Per Minute Cost,Initial Increment,Increment,Precedence,Strip,Prepend
55112850,LDN,0,4,0.035,30,6,,,
Code,Destination,Connect Cost,Included Seconds,Per Minute Cost,Initial Increment,Increment,Precedence,Strip,Prepend
55112881,LDN,0,4,0.035,30,6,,,
Code,Destination,Connect Cost,Included Seconds,Per Minute Cost,Initial Increment,Increment,Precedence,Strip,Prepend
55112882,LDN,0,4,0.035,30,6,,,
Code,Destination,Connect Cost,Included Seconds,Per Minute Cost,Initial Increment,Increment,Precedence,Strip,Prepend
55112923,LDN,0,4,0.035,30,6,,,
Code,Destination,Connect Cost,Included Seconds,Per Minute Cost,Initial Increment,Increment,Precedence,Strip,Prepend
55113000,LDN,0,4,0.035,30,6,,,
Code,Destination,Connect Cost,Included Seconds,Per Minute Cost,Initial Increment,Increment,Precedence,Strip,Prepend
55113001,LDN,0,4,0.035,30,6,,,
Code,Destination,Connect Cost,Included Seconds,Per Minute Cost,Initial Increment,Increment,Precedence,Strip,Prepend
55113002,LDN,0,4,0.035,30,6,,,
Code,Destination,Connect Cost,Included Seconds,Per Minute Cost,Initial Increment,Increment,Precedence,Strip,Prepend
55113109,LDN,0,4,0.035,30,6,,,
Code,Destination,Connect Cost,Included Seconds,Per Minute Cost,Initial Increment,Increment,Precedence,Strip,Prepend
55113128,LDN,0,4,0.035,30,6,,,
Code,Destination,Connect Cost,Included Seconds,Per Minute Cost,Initial Increment,Increment,Precedence,Strip,Prepend
55113182,LDN,0,4,0.035,30,6,,,
Code,Destination,Connect Cost,Included Seconds,Per Minute Cost,Initial Increment,Increment,Precedence,Strip,Prepend
55113220,LDN,0,4,0.035,30,6,,,
Code,Destination,Connect Cost,Included Seconds,Per Minute Cost,Initial Increment,Increment,Precedence,Strip,Prepend
55113308,LDN,0,4,0.035,30,6,,,
Code,Destination,Connect Cost,Included Seconds,Per Minute Cost,Initial Increment,Increment,Precedence,Strip,Prepend
55113309,LDN,0,4,0.035,30,6,,,
Code,Destination,Connect Cost,Included Seconds,Per Minute Cost,Initial Increment,Increment,Precedence,Strip,Prepend
55113317,LDN,0,4,0.035,30,6,,,
Code,Destination,Connect Cost,Included Seconds,Per Minute Cost,Initial Increment,Increment,Precedence,Strip,Prepend
55113378,LDN,0,4,0.035,30,6,,,
Code,Destination,Connect Cost,Included Seconds,Per Minute Cost,Initial Increment,Increment,Precedence,Strip,Prepend
55113379,LDN,0,4,0.035,30,6,,,
Code,Destination,Connect Cost,Included Seconds,Per Minute Cost,Initial Increment,Increment,Precedence,Strip,Prepend
55113395,LDN,0,4,0.035,30,6,,,
Code,Destination,Connect Cost,Included Seconds,Per Minute Cost,Initial Increment,Increment,Precedence,Strip,Prepend
55113401,LDN,0,4,0.035,30,6,,,
Code,Destination,Connect Cost,Included Seconds,Per Minute Cost,Initial Increment,Increment,Precedence,Strip,Prepend
55113402,LDN,0,4,0.035,30,6,,,
Code,Destination,Connect Cost,Included Seconds,Per Minute Cost,Initial Increment,Increment,Precedence,Strip,Prepend
55113403,LDN,0,4,0.035,30,6,,,
Code,Destination,Connect Cost,Included Seconds,Per Minute Cost,Initial Increment,Increment,Precedence,Strip,Prepend
55113404,LDN,0,4,0.035,30,6,,,
Code,Destination,Connect Cost,Included Seconds,Per Minute Cost,Initial Increment,Increment,Precedence,Strip,Prepend
55113407,LDN,0,4,0.035,30,6,,,
Code,Destination,Connect Cost,Included Seconds,Per Minute Cost,Initial Increment,Increment,Precedence,Strip,Prepend
55113408,LDN,0,4,0.035,30,6,,,
Code,Destination,Connect Cost,Included Seconds,Per Minute Cost,Initial Increment,Increment,Precedence,Strip,Prepend
55113413,LDN,0,4,0.035,30,6,,,
Code,Destination,Connect Cost,Included Seconds,Per Minute Cost,Initial Increment,Increment,Precedence,Strip,Prepend
55113414,LDN,0,4,0.035,30,6,,,
Code,Destination,Connect Cost,Included Seconds,Per Minute Cost,Initial Increment,Increment,Precedence,Strip,Prepend
55113417,LDN,0,4,0.035,30,6,,,
Code,Destination,Connect Cost,Included Seconds,Per Minute Cost,Initial Increment,Increment,Precedence,Strip,Prepend
55113446,LDN,0,4,0.035,30,6,,,
Code,Destination,Connect Cost,Included Seconds,Per Minute Cost,Initial Increment,Increment,Precedence,Strip,Prepend
55113517,LDN,0,4,0.035,30,6,,,
Code,Destination,Connect Cost,Included Seconds,Per Minute Cost,Initial Increment,Increment,Precedence,Strip,Prepend
55113963,LDN,0,4,0.035,30,6,,,
Code,Destination,Connect Cost,Included Seconds,Per Minute Cost,Initial Increment,Increment,Precedence,Strip,Prepend
55113964,LDN,0,4,0.035,30,6,,,
Code,Destination,Connect Cost,Included Seconds,Per Minute Cost,Initial Increment,Increment,Precedence,Strip,Prepend
5511401,LDN,0,4,0.035,30,6,,,
Code,Destination,Connect Cost,Included Seconds,Per Minute Cost,Initial Increment,Increment,Precedence,Strip,Prepend
55114010,Local,0,4,0.035,30,6,,,
Code,Destination,Connect Cost,Included Seconds,Per Minute Cost,Initial Increment,Increment,Precedence,Strip,Prepend
5511402,LDN,0,4,0.035,30,6,,,
Code,Destination,Connect Cost,Included Seconds,Per Minute Cost,Initial Increment,Increment,Precedence,Strip,Prepend
55114020,Local,0,4,0.035,30,6,,,
Code,Destination,Connect Cost,Included Seconds,Per Minute Cost,Initial Increment,Increment,Precedence,Strip,Prepend
5511403,LDN,0,4,0.035,30,6,,,
Code,Destination,Connect Cost,Included Seconds,Per Minute Cost,Initial Increment,Increment,Precedence,Strip,Prepend
55114041,LDN,0,4,0.035,30,6,,,
Code,Destination,Connect Cost,Included Seconds,Per Minute Cost,Initial Increment,Increment,Precedence,Strip,Prepend
55114042,LDN,0,4,0.035,30,6,,,
Code,Destination,Connect Cost,Included Seconds,Per Minute Cost,Initial Increment,Increment,Precedence,Strip,Prepend
55114045,LDN,0,4,0.035,30,6,,,
Code,Destination,Connect Cost,Included Seconds,Per Minute Cost,Initial Increment,Increment,Precedence,Strip,Prepend
55114046,LDN,0,4,0.035,30,6,,,
Code,Destination,Connect Cost,Included Seconds,Per Minute Cost,Initial Increment,Increment,Precedence,Strip,Prepend
55114065,LDN,0,4,0.035,30,6,,,
Code,Destination,Connect Cost,Included Seconds,Per Minute Cost,Initial Increment,Increment,Precedence,Strip,Prepend
55114068,LDN,0,4,0.035,30,6,,,
Code,Destination,Connect Cost,Included Seconds,Per Minute Cost,Initial Increment,Increment,Precedence,Strip,Prepend
55114073,LDN,0,4,0.035,30,6,,,
Code,Destination,Connect Cost,Included Seconds,Per Minute Cost,Initial Increment,Increment,Precedence,Strip,Prepend
55114074,LDN,0,4,0.035,30,6,,,
Code,Destination,Connect Cost,Included Seconds,Per Minute Cost,Initial Increment,Increment,Precedence,Strip,Prepend
55114086,LDN,0,4,0.035,30,6,,,
Code,Destination,Connect Cost,Included Seconds,Per Minute Cost,Initial Increment,Increment,Precedence,Strip,Prepend
55114087,LDN,0,4,0.035,30,6,,,
Code,Destination,Connect Cost,Included Seconds,Per Minute Cost,Initial Increment,Increment,Precedence,Strip,Prepend
55114088,LDN,0,4,0.035,30,6,,,
Code,Destination,Connect Cost,Included Seconds,Per Minute Cost,Initial Increment,Increment,Precedence,Strip,Prepend
55114089,LDN,0,4,0.035,30,6,,,
Code,Destination,Connect Cost,Included Seconds,Per Minute Cost,Initial Increment,Increment,Precedence,Strip,Prepend
55114098,LDN,0,4,0.035,30,6,,,
Code,Destination,Connect Cost,Included Seconds,Per Minute Cost,Initial Increment,Increment,Precedence,Strip,Prepend
55114136,LDN,0,4,0.035,30,6,,,
Code,Destination,Connect Cost,Included Seconds,Per Minute Cost,Initial Increment,Increment,Precedence,Strip,Prepend
55114140,LDN,0,4,0.035,30,6,,,
Code,Destination,Connect Cost,Included Seconds,Per Minute Cost,Initial Increment,Increment,Precedence,Strip,Prepend
55114204,LDN,0,4,0.035,30,6,,,
Code,Destination,Connect Cost,Included Seconds,Per Minute Cost,Initial Increment,Increment,Precedence,Strip,Prepend
55114216,LDN,0,4,0.035,30,6,,,
Code,Destination,Connect Cost,Included Seconds,Per Minute Cost,Initial Increment,Increment,Precedence,Strip,Prepend
55114217,LDN,0,4,0.035,30,6,,,
Code,Destination,Connect Cost,Included Seconds,Per Minute Cost,Initial Increment,Increment,Precedence,Strip,Prepend
55114246,LDN,0,4,0.035,30,6,,,
Code,Destination,Connect Cost,Included Seconds,Per Minute Cost,Initial Increment,Increment,Precedence,Strip,Prepend
55114288,LDN,0,4,0.035,30,6,,,
Code,Destination,Connect Cost,Included Seconds,Per Minute Cost,Initial Increment,Increment,Precedence,Strip,Prepend
55114289,LDN,0,4,0.035,30,6,,,
Code,Destination,Connect Cost,Included Seconds,Per Minute Cost,Initial Increment,Increment,Precedence,Strip,Prepend
55114290,LDN,0,4,0.035,30,6,,,
Code,Destination,Connect Cost,Included Seconds,Per Minute Cost,Initial Increment,Increment,Precedence,Strip,Prepend
55114291,LDN,0,4,0.035,30,6,,,
Code,Destination,Connect Cost,Included Seconds,Per Minute Cost,Initial Increment,Increment,Precedence,Strip,Prepend
551143409,LDN,0,4,0.035,30,6,,,
Code,Destination,Connect Cost,Included Seconds,Per Minute Cost,Initial Increment,Increment,Precedence,Strip,Prepend
55114402,LDN,0,4,0.035,30,6,,,
Code,Destination,Connect Cost,Included Seconds,Per Minute Cost,Initial Increment,Increment,Precedence,Strip,Prepend
55114403,LDN,0,4,0.035,30,6,,,
Code,Destination,Connect Cost,Included Seconds,Per Minute Cost,Initial Increment,Increment,Precedence,Strip,Prepend
55114404,LDN,0,4,0.035,30,6,,,
Code,Destination,Connect Cost,Included Seconds,Per Minute Cost,Initial Increment,Increment,Precedence,Strip,Prepend
55114405,LDN,0,4,0.035,30,6,,,
Code,Destination,Connect Cost,Included Seconds,Per Minute Cost,Initial Increment,Increment,Precedence,Strip,Prepend
55114406,LDN,0,4,0.035,30,6,,,
Code,Destination,Connect Cost,Included Seconds,Per Minute Cost,Initial Increment,Increment,Precedence,Strip,Prepend
5511441,LDN,0,4,0.035,30,6,,,
Code,Destination,Connect Cost,Included Seconds,Per Minute Cost,Initial Increment,Increment,Precedence,Strip,Prepend
55114419,Local,0,4,0.035,30,6,,,
Code,Destination,Connect Cost,Included Seconds,Per Minute Cost,Initial Increment,Increment,Precedence,Strip,Prepend
55114430,LDN,0,4,0.035,30,6,,,
Code,Destination,Connect Cost,Included Seconds,Per Minute Cost,Initial Increment,Increment,Precedence,Strip,Prepend
55114431,LDN,0,4,0.035,30,6,,,
Code,Destination,Connect Cost,Included Seconds,Per Minute Cost,Initial Increment,Increment,Precedence,Strip,Prepend
55114456,LDN,0,4,0.035,30,6,,,
Code,Destination,Connect Cost,Included Seconds,Per Minute Cost,Initial Increment,Increment,Precedence,Strip,Prepend
55114480,LDN,0,4,0.035,30,6,,,
Code,Destination,Connect Cost,Included Seconds,Per Minute Cost,Initial Increment,Increment,Precedence,Strip,Prepend
55114481,LDN,0,4,0.035,30,6,,,
Code,Destination,Connect Cost,Included Seconds,Per Minute Cost,Initial Increment,Increment,Precedence,Strip,Prepend
55114487,LDN,0,4,0.035,30,6,,,
Code,Destination,Connect Cost,Included Seconds,Per Minute Cost,Initial Increment,Increment,Precedence,Strip,Prepend
5511449,LDN,0,4,0.035,30,6,,,
Code,Destination,Connect Cost,Included Seconds,Per Minute Cost,Initial Increment,Increment,Precedence,Strip,Prepend
55114498,Local,0,4,0.035,30,6,,,
Code,Destination,Connect Cost,Included Seconds,Per Minute Cost,Initial Increment,Increment,Precedence,Strip,Prepend
5511452,LDN,0,4,0.035,30,6,,,
Code,Destination,Connect Cost,Included Seconds,Per Minute Cost,Initial Increment,Increment,Precedence,Strip,Prepend
5511453,LDN,0,4,0.035,30,6,,,
Code,Destination,Connect Cost,Included Seconds,Per Minute Cost,Initial Increment,Increment,Precedence,Strip,Prepend
55114570,LDN,0,4,0.035,30,6,,,
Code,Destination,Connect Cost,Included Seconds,Per Minute Cost,Initial Increment,Increment,Precedence,Strip,Prepend
55114579,LDN,0,4,0.035,30,6,,,
Code,Destination,Connect Cost,Included Seconds,Per Minute Cost,Initial Increment,Increment,Precedence,Strip,Prepend
5511458,LDN,0,4,0.035,30,6,,,
Code,Destination,Connect Cost,Included Seconds,Per Minute Cost,Initial Increment,Increment,Precedence,Strip,Prepend
5511459,LDN,0,4,0.035,30,6,,,
Code,Destination,Connect Cost,Included Seconds,Per Minute Cost,Initial Increment,Increment,Precedence,Strip,Prepend
55114601,LDN,0,4,0.035,30,6,,,
Code,Destination,Connect Cost,Included Seconds,Per Minute Cost,Initial Increment,Increment,Precedence,Strip,Prepend
55114602,LDN,0,4,0.035,30,6,,,
Code,Destination,Connect Cost,Included Seconds,Per Minute Cost,Initial Increment,Increment,Precedence,Strip,Prepend
55114603,LDN,0,4,0.035,30,6,,,
Code,Destination,Connect Cost,Included Seconds,Per Minute Cost,Initial Increment,Increment,Precedence,Strip,Prepend
55114606,LDN,0,4,0.035,30,6,,,
Code,Destination,Connect Cost,Included Seconds,Per Minute Cost,Initial Increment,Increment,Precedence,Strip,Prepend
55114607,LDN,0,4,0.035,30,6,,,
Code,Destination,Connect Cost,Included Seconds,Per Minute Cost,Initial Increment,Increment,Precedence,Strip,Prepend
55114630,LDN,0,4,0.035,30,6,,,
Code,Destination,Connect Cost,Included Seconds,Per Minute Cost,Initial Increment,Increment,Precedence,Strip,Prepend
55114631,LDN,0,4,0.035,30,6,,,
Code,Destination,Connect Cost,Included Seconds,Per Minute Cost,Initial Increment,Increment,Precedence,Strip,Prepend
55114632,LDN,0,4,0.035,30,6,,,
Code,Destination,Connect Cost,Included Seconds,Per Minute Cost,Initial Increment,Increment,Precedence,Strip,Prepend
55114633,LDN,0,4,0.035,30,6,,,
Code,Destination,Connect Cost,Included Seconds,Per Minute Cost,Initial Increment,Increment,Precedence,Strip,Prepend
55114659,LDN,0,4,0.035,30,6,,,
Code,Destination,Connect Cost,Included Seconds,Per Minute Cost,Initial Increment,Increment,Precedence,Strip,Prepend
55114660,LDN,0,4,0.035,30,6,,,
Code,Destination,Connect Cost,Included Seconds,Per Minute Cost,Initial Increment,Increment,Precedence,Strip,Prepend
55114670,LDN,0,4,0.035,30,6,,,
Code,Destination,Connect Cost,Included Seconds,Per Minute Cost,Initial Increment,Increment,Precedence,Strip,Prepend
55114671,LDN,0,4,0.035,30,6,,,
Code,Destination,Connect Cost,Included Seconds,Per Minute Cost,Initial Increment,Increment,Precedence,Strip,Prepend
55114672,LDN,0,4,0.035,30,6,,,
Code,Destination,Connect Cost,Included Seconds,Per Minute Cost,Initial Increment,Increment,Precedence,Strip,Prepend
55114673,LDN,0,4,0.035,30,6,,,
Code,Destination,Connect Cost,Included Seconds,Per Minute Cost,Initial Increment,Increment,Precedence,Strip,Prepend
55114684,LDN,0,4,0.035,30,6,,,
Code,Destination,Connect Cost,Included Seconds,Per Minute Cost,Initial Increment,Increment,Precedence,Strip,Prepend
55114685,LDN,0,4,0.035,30,6,,,
Code,Destination,Connect Cost,Included Seconds,Per Minute Cost,Initial Increment,Increment,Precedence,Strip,Prepend
55114686,LDN,0,4,0.035,30,6,,,
Code,Destination,Connect Cost,Included Seconds,Per Minute Cost,Initial Increment,Increment,Precedence,Strip,Prepend
55114687,LDN,0,4,0.035,30,6,,,
Code,Destination,Connect Cost,Included Seconds,Per Minute Cost,Initial Increment,Increment,Precedence,Strip,Prepend
55114708,LDN,0,4,0.035,30,6,,,
Code,Destination,Connect Cost,Included Seconds,Per Minute Cost,Initial Increment,Increment,Precedence,Strip,Prepend
55114709,LDN,0,4,0.035,30,6,,,
Code,Destination,Connect Cost,Included Seconds,Per Minute Cost,Initial Increment,Increment,Precedence,Strip,Prepend
5511471,LDN,0,4,0.035,30,6,,,
Code,Destination,Connect Cost,Included Seconds,Per Minute Cost,Initial Increment,Increment,Precedence,Strip,Prepend
55114720,LDN,0,4,0.035,30,6,,,
Code,Destination,Connect Cost,Included Seconds,Per Minute Cost,Initial Increment,Increment,Precedence,Strip,Prepend
55114740,LDN,0,4,0.035,30,6,,,
Code,Destination,Connect Cost,Included Seconds,Per Minute Cost,Initial Increment,Increment,Precedence,Strip,Prepend
55114784,LDN,0,4,0.035,30,6,,,
Code,Destination,Connect Cost,Included Seconds,Per Minute Cost,Initial Increment,Increment,Precedence,Strip,Prepend
55114805,LDN,0,4,0.035,30,6,,,
Code,Destination,Connect Cost,Included Seconds,Per Minute Cost,Initial Increment,Increment,Precedence,Strip,Prepend
55114806,LDN,0,4,0.035,30,6,,,
Code,Destination,Connect Cost,Included Seconds,Per Minute Cost,Initial Increment,Increment,Precedence,Strip,Prepend
55114807,LDN,0,4,0.035,30,6,,,
Code,Destination,Connect Cost,Included Seconds,Per Minute Cost,Initial Increment,Increment,Precedence,Strip,Prepend
55114808,LDN,0,4,0.035,30,6,,,
Code,Destination,Connect Cost,Included Seconds,Per Minute Cost,Initial Increment,Increment,Precedence,Strip,Prepend
55114809,LDN,0,4,0.035,30,6,,,
Code,Destination,Connect Cost,Included Seconds,Per Minute Cost,Initial Increment,Increment,Precedence,Strip,Prepend
55114810,LDN,0,4,0.035,30,6,,,
Code,Destination,Connect Cost,Included Seconds,Per Minute Cost,Initial Increment,Increment,Precedence,Strip,Prepend
55114812,LDN,0,4,0.035,30,6,,,
Code,Destination,Connect Cost,Included Seconds,Per Minute Cost,Initial Increment,Increment,Precedence,Strip,Prepend
55114813,LDN,0,4,0.035,30,6,,,
Code,Destination,Connect Cost,Included Seconds,Per Minute Cost,Initial Increment,Increment,Precedence,Strip,Prepend
55114814,LDN,0,4,0.035,30,6,,,
Code,Destination,Connect Cost,Included Seconds,Per Minute Cost,Initial Increment,Increment,Precedence,Strip,Prepend
55114815,LDN,0,4,0.035,30,6,,,
Code,Destination,Connect Cost,Included Seconds,Per Minute Cost,Initial Increment,Increment,Precedence,Strip,Prepend
55114816,LDN,0,4,0.035,30,6,,,
Code,Destination,Connect Cost,Included Seconds,Per Minute Cost,Initial Increment,Increment,Precedence,Strip,Prepend
55114817,LDN,0,4,0.035,30,6,,,
Code,Destination,Connect Cost,Included Seconds,Per Minute Cost,Initial Increment,Increment,Precedence,Strip,Prepend
55114818,LDN,0,4,0.035,30,6,,,
Code,Destination,Connect Cost,Included Seconds,Per Minute Cost,Initial Increment,Increment,Precedence,Strip,Prepend
55114834,LDN,0,4,0.035,30,6,,,
Code,Destination,Connect Cost,Included Seconds,Per Minute Cost,Initial Increment,Increment,Precedence,Strip,Prepend
55114835,LDN,0,4,0.035,30,6,,,
Code,Destination,Connect Cost,Included Seconds,Per Minute Cost,Initial Increment,Increment,Precedence,Strip,Prepend
55114836,LDN,0,4,0.035,30,6,,,
Code,Destination,Connect Cost,Included Seconds,Per Minute Cost,Initial Increment,Increment,Precedence,Strip,Prepend
55114850,LDN,0,4,0.035,30,6,,,
Code,Destination,Connect Cost,Included Seconds,Per Minute Cost,Initial Increment,Increment,Precedence,Strip,Prepend
55114881,LDN,0,4,0.035,30,6,,,
Code,Destination,Connect Cost,Included Seconds,Per Minute Cost,Initial Increment,Increment,Precedence,Strip,Prepend
55114885,LDN,0,4,0.035,30,6,,,
Code,Destination,Connect Cost,Included Seconds,Per Minute Cost,Initial Increment,Increment,Precedence,Strip,Prepend
55114886,LDN,0,4,0.035,30,6,,,
Code,Destination,Connect Cost,Included Seconds,Per Minute Cost,Initial Increment,Increment,Precedence,Strip,Prepend
55114887,LDN,0,4,0.035,30,6,,,
Code,Destination,Connect Cost,Included Seconds,Per Minute Cost,Initial Increment,Increment,Precedence,Strip,Prepend
55114888,LDN,0,4,0.035,30,6,,,
Code,Destination,Connect Cost,Included Seconds,Per Minute Cost,Initial Increment,Increment,Precedence,Strip,Prepend
55114891,LDN,0,4,0.035,30,6,,,
Code,Destination,Connect Cost,Included Seconds,Per Minute Cost,Initial Increment,Increment,Precedence,Strip,Prepend
55114892,LDN,0,4,0.035,30,6,,,
Code,Destination,Connect Cost,Included Seconds,Per Minute Cost,Initial Increment,Increment,Precedence,Strip,Prepend
55114893,LDN,0,4,0.035,30,6,,,
Code,Destination,Connect Cost,Included Seconds,Per Minute Cost,Initial Increment,Increment,Precedence,Strip,Prepend
55114894,LDN,0,4,0.035,30,6,,,
Code,Destination,Connect Cost,Included Seconds,Per Minute Cost,Initial Increment,Increment,Precedence,Strip,Prepend
55114895,LDN,0,4,0.035,30,6,,,
Code,Destination,Connect Cost,Included Seconds,Per Minute Cost,Initial Increment,Increment,Precedence,Strip,Prepend
55114896,LDN,0,4,0.035,30,6,,,
Code,Destination,Connect Cost,Included Seconds,Per Minute Cost,Initial Increment,Increment,Precedence,Strip,Prepend
55114897,LDN,0,4,0.035,30,6,,,
Code,Destination,Connect Cost,Included Seconds,Per Minute Cost,Initial Increment,Increment,Precedence,Strip,Prepend
55114956,LDN,0,4,0.035,30,6,,,
Code,Destination,Connect Cost,Included Seconds,Per Minute Cost,Initial Increment,Increment,Precedence,Strip,Prepend
55114961,LDN,0,4,0.035,30,6,,,
Code,Destination,Connect Cost,Included Seconds,Per Minute Cost,Initial Increment,Increment,Precedence,Strip,Prepend
55114985,LDN,0,4,0.035,30,6,,,
Code,Destination,Connect Cost,Included Seconds,Per Minute Cost,Initial Increment,Increment,Precedence,Strip,Prepend
55114986,LDN,0,4,0.035,30,6,,,
Code,Destination,Connect Cost,Included Seconds,Per Minute Cost,Initial Increment,Increment,Precedence,Strip,Prepend
55114987,LDN,0,4,0.035,30,6,,,
